date,event,result,location,image_url
1,05.09.2025,,"The Elegance Brand(Ash By Elegance,Heather By Elegance&M By Elegance) defeatThe IInspiration(Cassie Lee&Jessie McKay) &Masha Slamovich(9:31)TNA iMPACT #1104- TV-Show @ The Armory in Minneapolis, Minnesota, USA",
2,31.08.2025,,"BRCW Women's Title:Ash By Elegance(c) defeatsMila MooreBRCW Summer Smash 3- Event @ The Studio in Boca Raton, Florida, USA",
3,24.08.2025,,"TNA Knockouts World TitleTriple Threat:Ash By ElegancedefeatsJacy Jayne(c) andMasha Slamovich(12:20) -TITLE CHANGE !!!WWE Heatwave 2025- Premium Live Event @ Lowell Memorial Auditorium in Lowell, Massachusetts, USA",
4,19.08.2025,,"(Special Referee: Masha Slamovich):Fatal Influence(Fallon Henley,Jacy Jayne&Jazmyn Nyx) defeatThe Elegance Brand(Ash By Elegance,Heather By Elegance&M By Elegance) (10:50)WWE NXT #799- TV-Show @ The Met Philadelphia in Philadelphia, Pennsylvania, USA",
5,25.07.2025,,"TNA Knockouts World Title:Ash By ElegancedefeatsJacy Jayne(c) by DQ (1:53)TNA iMPACT #1098- TV-Show @ Thomas M. Ryan Center in Kingston, Rhode Island, USA",
6,24.07.2025,,"Mara Sade&The IInspiration(Cassie Lee&Jessie McKay) defeatThe Elegance Brand(Ash By Elegance,Heather By Elegance&M By Elegance) (10:46)TNA iMPACT #1096- TV-Show @ Thomas M. Ryan Center in Kingston, Rhode Island, USA",
7,20.07.2025,,"TNA Knockouts World Tag Team Title:The Elegance Brand(Ash By Elegance&Heather By Elegance) (c) defeatThe IInspiration(Cassie Lee&Jessie McKay) (8:30)TNA Countdown To Slammiversary 2025- Online Stream @ UBS Arena in Elmont, New York, USA",
8,21.06.2025,,"The Elegance Brand(Ash By Elegance&Heather By Elegance) defeatHarley Hudson&Myla Grace(6:20)TNA iMPACT #1094- TV-Show @ UPMC Events Center in Moon Township, Pennsylvania, USA",
9,20.06.2025,,"TNA Knockouts World Title#1 Contendership Battle Royal:Ash By ElegancedefeatsAlisha EdwardsandCassie LeeandDani LunaandHarley HudsonandHeather By EleganceandIndi HartwellandJada StoneandJessie McKayandJody ThreatandKatie ArquetteandLei Ying LeeandM By EleganceandMila MooreandMyla GraceandRosemaryandTasha SteelzandTessa BlanchardandVictoria CrawfordandXia Brookside(11:26)TNA iMPACT #1092- TV-Show @ UPMC Events Center in Moon Township, Pennsylvania, USA",
10,07.06.2025,,"The Elegance Brand(Ash By Elegance&Heather By Elegance) defeatLei Ying Lee&Masha Slamovich(11:16)TNA iMPACT #1091- TV-Show @ Mullett Arena in Tempe, Arizona, USA",
11,06.06.2025,,"The Elegance Brand(Ash By Elegance,Heather By Elegance&M By Elegance) defeatHarley Hudson,Myla Grace&Xia Brookside(5:16)TNA Countdown To Against All Odds 2025- Online Stream @ Mullett Arena in Tempe, Arizona, USA",
12,24.05.2025,,"Lei Ying LeedefeatsAsh By Elegance(5:57)TNA iMPACT #1088- TV-Show @ CAA Centre in Brampton, Ontario, Canada",
13,23.05.2025,,"TNA Knockouts World Tag Team TitleMatch By Elegance:The Elegance Brand(Ash By Elegance&Heather By Elegance) (c) defeatSpitfire(Dani Luna&Jody Threat) (12:10)TNA Under Siege 2025- Online Stream @ CAA Centre in Brampton, Ontario, Canada",
14,27.04.2025,,"TNA Knockouts World Tag Team TitleFour Way:Ash By Elegance&Heather By Elegance(c) defeatMeta-Four(Jakara Jackson&Lash Legend) andSpitfire(Dani Luna&Jody Threat) andGigi Dolin&Tatum Paxley(9:22)TNA Rebellion 2025- Pay Per View @ Galen Center in Los Angeles, California, USA",
15,31.03.2025,,"Ash By Elegance&Santana Garrettdefeat The Rebellion (Jessica Troy&Lena Kross) (9:41)WSW Legacy - Tag 4- Pay Per View @ Panthers Penrith Leagues Club in Penrith, New South Wales, Australia",
16,30.03.2025,,"WSW Women's TitleFatal Four Way:Ash By ElegancedefeatsLena Kross(c) andJessica TroyandSantana Garrett(18:15) -TITLE CHANGE !!!WSW Legacy - Tag 3- Pay Per View @ Ridley Centre in Wayville, South Australia, Australia",
17,29.03.2025,,"WSW Women's Title:Lena KrossdefeatsAsh By Elegance(c) (13:36) -TITLE CHANGE !!!WSW Legacy - Tag 2- Pay Per View @ Eatons Hill Hotel in Brisbane, Queensland, Australia",
18,28.03.2025,,"WSW Women's Title:Ash By Elegance(c) defeatsJessica Troyby DQ (8:24)WSW Legacy - Tag 1- Pay Per View @ Melbourne Pavillion in Kensington, Victoria, Australia",
19,15.03.2025,,"Ash By Elegance&Heather By ElegancedefeatGigi Dolin&Tatum Paxley(4:55)TNA iMPACT #1079- TV-Show @ El Paso County Coliseum in El Paso, Texas, USA",
20,14.03.2025,,"TNA Knockouts World Tag Team TitleThree On Two Handicap:Ash By Elegance,Heather By Elegance&The Personal ConciergedefeatSpitfire(Dani Luna&Jody Threat) (c) (9:11) -TITLE CHANGE !!!TNA Sacrifice 2025- Online Stream @ El Paso County Coliseum in El Paso, Texas, USA",
21,09.03.2025,,"BRCW Women's Title:Ash By Elegance(c) defeatsRuthie Jay(7:02)BRCW Challenge Accepted 2- Event @ The Studio in Boca Raton, Florida, USA",
22,20.02.2025,,"TNA Knockouts World Tag Team Title:Spitfire(Dani Luna&Jody Threat) (c) defeatAsh By Elegance&Heather By Elegance(8:12)TNA iMPACT #1075- TV-Show @ Full Sail University in Winter Park, Florida, USA",
23,30.01.2025,,"BRCW Women's TitleFalls Count Anywhere:Ash By Elegance(c) defeatsMJ Jenkins(9:45)BRCW Cruisin' For A Bruisin' 3- Online Stream @ Pullman Hotel in Miami, Florida, USA",
24,24.01.2025,,"Ash By Elegance&Heather By ElegancedefeatThe King Bees(Charity King&Danni Bee) (4:35)TNA iMPACT #1073- TV-Show @ Boeing Center At Tech Port in San Antonio, Texas, USA",
25,24.01.2025,,"TNA Knockouts World Title#1 Contendership Battle Royal:Savannah EvansdefeatsAlisha EdwardsandAsh By EleganceandDani LunaandHeather By EleganceandJazzandJody ThreatandRosemaryandTasha SteelzandXia Brookside(8:44)TNA iMPACT #1072- TV-Show @ Boeing Center At Tech Port in San Antonio, Texas, USA",
26,23.01.2025,,"Ash By Elegance,Heather By Elegance&RosemarydefeatMasha Slamovich&Spitfire(Dani Luna&Jody Threat) (6:39)TNA iMPACT #1070- TV-Show @ Boeing Center At Tech Port in San Antonio, Texas, USA",
27,19.01.2025,,"TNA Knockouts World Tag Team Title:Spitfire(Dani Luna&Jody Threat) (c) defeatAsh By Elegance&Heather By Elegance(9:30)TNA Genesis 2025- Pay Per View @ Curtis Culwell Center in Garland, Texas, USA",
28,14.12.2024,,"Jordynne Grace,Masha Slamovich&Spitfire(Dani Luna&Jody Threat) defeatAsh By Elegance,Heather By Elegance,Rosemary&Tasha Steelz(21:27)TNA iMPACT #1067- TV-Show @ Center Stage Theater in Atlanta, Georgia, USA",
29,08.11.2024,,"Ash By ElegancedefeatsJody Threat(5:49)TNA iMPACT #1061- TV-Show @ Crown Arena in Fayetteville, North Carolina, USA",
30,27.10.2024,,"Ash By ElegancedefeatsDani Luna(6:03)TNA iMPACT #1058 - Halloween- TV-Show @ Wayne State Fieldhouse in Detroit, Michigan, USA",
31,26.10.2024,,"Ash By Elegance&Heather By ElegancedefeatBrinley Reece&Xia Brookside(8:43)TNA Countdown To Bound For Glory 2024- Online Stream @ Wayne State Fieldhouse in Detroit, Michigan, USA",
32,20.10.2024,,"BRCW Women's TitleFalls Count Anywhere:Ash By ElegancedefeatsMJ Jenkins(c) (9:11) -TITLE CHANGE !!!BRCW Renaissance- Online Stream @ The Studio in Boca Raton, Florida, USA",
33,02.10.2024,,"Ash By ElegancedefeatsBrinley Reece(5:16)TNA iMPACT #1056- TV-Show @ Skyway Studios in Nashville, Tennessee, USA",
34,04.09.2024,,"Jake Hager,Maggie Lee&Xia ZhaodefeatAsh By Elegance,Mike Rallis&Shazza McKenzie(8:37)BLP Crowning Glory- Online Stream @ Logan Square Auditorium in Chicago, Illinois, USA",
35,31.08.2024,,"Ash By ElegancedefeatsXia Brookside(5:18)TNA iMPACT #1051- TV-Show @ Old Forester's Paristown Hall in Louisville, Kentucky, USA",
36,30.08.2024,,"Jordynne Grace&Spitfire(Dani Luna&Jody Threat) defeatAsh By Elegance&The Malisha(Alisha Edwards&Masha Slamovich) (8:04)TNA Emergence 2024- Online Stream @ Old Forester's Paristown Hall in Louisville, Kentucky, USA",
37,17.08.2024,,"Ash By ElegancedefeatsJody Threat(6:31)Destiny Summer Heat- Online Stream @ Donevan Recreation Complex in Oshawa, Ontario, Canada",
38,03.08.2024,,"TNA Knockouts World TitleMatch By Elegance:Jordynne Grace(c) defeatsAsh By Elegance(11:34)TNA iMPACT #1049- TV-Show @ Florida State Fairgrounds in Tampa, Florida, USA",
39,21.07.2024,,"Mixed:Ash By Elegance&HammerstonedefeatEric Young&Jordynne Grace(7:40)TNA iMPACT #1044- TV-Show @ Verdun Auditorium in Montreal, Quebec, Canada",
40,20.07.2024,,"TNA Knockouts World Title:Jordynne Grace(c) defeatsAsh By Elegance(12:18)TNA Slammiversary 2024- Pay Per View @ Verdun Auditorium in Montreal, Quebec, Canada",
41,01.07.2024,,"WSW Women's TitleStreet Fight:Ash By Elegance(c) defeatsLena Kross(19:00)WSW Most Wanted - Tag 4- Pay Per View @ Adelaide Oval in Adelaide, South Australia, Australia",
42,30.06.2024,,"WSW Women's TitleFatal Four Way Match (vakant):Ash By ElegancedefeatsFrankie BandLena KrossandShazza McKenzie(10:39) -TITLE CHANGE !!!WSW Most Wanted - Tag 3- Pay Per View @ Panthers Penrith in Sydney, New South Wales, Australia",
43,29.06.2024,,"Ash By Elegance&Nic NemethdefeatHammerstone&Lena Kross(15:13)WSW Most Wanted - Tag 2- Pay Per View @ Melbourne Pavillion in Melbourne, Victoria, Australia",
44,28.06.2024,,"Ash By ElegancedefeatsFrankie B(9:13)WSW Most Wanted - Tag 1- Pay Per View @ Eatons Hill Grand Ballroom in Brisbane, Queensland, Australia",
45,15.06.2024,,"Ash By ElegancedefeatsHeather Reckless(2:42)TNA iMPACT #1039- TV-Show @ Cicero Stadium in Cicero, Illinois, USA",
46,19.05.2024,,"Ash By ElegancedefeatsJada Stone(3:53)TNA iMPACT #1038- TV-Show @ MegaCorp Pavilion in Newport, Kentucky, USA",
47,04.05.2024,,"Ash By ElegancedefeatsXia Brookside(4:02)TNA iMPACT #1034- TV-Show @ Albany Armory in Albany, New York, USA",
48,03.05.2024,,"Ash By ElegancedefeatsHavok(5:22)TNA Under Siege 2024- Online Stream @ Albany Armory in Albany, New York, USA",
49,21.04.2024,,"Xia BrooksidedefeatsAsh By Elegance(6:58)TNA iMPACT #1031- TV-Show @ Palms Casino Resort in Las Vegas, Nevada, USA",
50,23.03.2024,,"Ash By ElegancedefeatsXia Brookside(8:28)TNA iMPACT #1028- TV-Show @ 2300 Arena in Philadelphia, Pennsylvania, USA",
51,09.03.2024,,"Ash By ElegancedefeatsSeleziya Sparx(2:38)TNA iMPACT #1026- TV-Show @ St. Clair College SportsPlex in Windsor, Ontario, Canada",
52,24.02.2024,,"Ash By ElegancedefeatsAngel Blue(2:43)TNA iMPACT #1024- TV-Show @ Alario Center in Westwego, Louisiana, USA",
53,20.01.2024,,"Ash By ElegancedefeatsSavannah Thorne(2:07)TNA iMPACT #1022- TV-Show @ Osceola Heritage Park in Kissimmee, Florida, USA",
54,12.09.2023,,"Lyra ValkyriadefeatsDana Brooke(3:33)WWE NXT #698- TV-Show @ WWE Performance Center in Orlando, Florida, USA",
55,29.08.2023,,"Elektra Lopez&Lola VicedefeatDana Brooke&Kelani Jordan(4:01)WWE NXT #696- TV-Show @ WWE Performance Center in Orlando, Florida, USA",
56,15.08.2023,,"Blair DavenportdefeatsDana Brooke(3:39)WWE NXT #694- TV-Show @ WWE Performance Center in Orlando, Florida, USA",
57,31.07.2023,,"Dana BrookedefeatsXia Li(5:44)WWE Main Event #566- Online Stream @ Toyota Center in Houston, Texas, USA",
58,25.07.2023,,"Kendo Stick:Dana BrookedefeatsCora Jade(7:44)WWE NXT #691- TV-Show @ WWE Performance Center in Orlando, Florida, USA",
59,10.07.2023,,"Indi HartwelldefeatsDana Brooke(7:55)WWE Main Event #563- Online Stream @ KeyBank Center in Buffalo, New York, USA",
60,03.07.2023,,"WWE Women's Tag Team Title#1 Contendership Turmoil:Chelsea Green&Sonya DevilledefeatCandice LeRae&Indi HartwellandDana Brooke&Tegan NoxandEmma&Nikki CrossandKatana Chance&Kayden Carter(11:55)WWE Monday Night RAW #1571- TV-Show @ CFG Bank Arena in Baltimore, Maryland, USA",
61,20.06.2023,,"Cora JadedefeatsDana Brookeby referee's decision (10:46)WWE NXT #686 - Gold Rush - Tag 1- TV-Show @ WWE Performance Center in Orlando, Florida, USA",
62,19.06.2023,,"Dana BrookedefeatsXia Li(5:07)WWE Main Event #560- Online Stream @ Rocket Mortgage FieldHouse in Cleveland, Ohio, USA",
63,06.06.2023,,"WWE NXT Women's Title#1 Contendership Battle Royal:Thea HaildefeatsBrooklyn BarlowandCora JadeandDana BrookeandElektra LopezandFallon HenleyandGigi DolinandJacy JayneandJakara JacksonandKelani JordanandKiana JamesandLash LegendandLola ViceandLyra ValkyriaandRoxanne PerezandTatum PaxleyandValentina FerozandYulisa Leon(13:05)WWE NXT #684- TV-Show @ WWE Performance Center in Orlando, Florida, USA",
64,22.05.2023,,"Tegan NoxdefeatsDana Brooke(5:21)WWE Main Event #556- Online Stream @ GIANT Center in Hershey, Pennsylvania, USA",
65,15.05.2023,,"Dana BrookedefeatsEmma(5:41)WWE Main Event #555- Online Stream @ Greensboro Coliseum in Greensboro, North Carolina, USA",
66,08.05.2023,,"Rhea RipleydefeatsDana Brooke(1:42)WWE Monday Night RAW #1563- TV-Show @ VyStar Veterans Memorial Arena in Jacksonville, Florida, USA",
67,01.05.2023,,"Piper NivendefeatsDana Brooke(5:57)WWE Main Event #553- Online Stream @ Dickies Arena in Fort Worth, Texas, USA",
68,27.03.2023,,"Dana BrookedefeatsElektra Lopez(5:10)WWE Main Event #548- Online Stream @ Footprint Center in Phoenix, Arizona, USA",
69,20.02.2023,,"Candice LeRae&MichindefeatDana Brooke&Tamina(8:53)WWE Main Event #543- Online Stream @ Canadian Tire Centre in Ottawa, Ontario, Canada",
70,13.02.2023,,"Wendy ChoodefeatsDana Brooke(6:31)WWE Main Event #542- Online Stream @ Barclays Center in New York City, New York, USA",
71,06.02.2023,,"Dana BrookedefeatsIndi Hartwell(5:12)WWE Main Event #541- Online Stream @ Amway Center in Orlando, Florida, USA",
72,28.01.2023,,"Royal Rumble:Rhea RipleydefeatsAsukaandB-FabandBayleyandBecky LynchandCandice LeRaeandChelsea GreenandDakota KaiandDana BrookeandEmmaandIndi HartwellandIYO SKYandLacey EvansandLiv MorganandMia YimandMichelle McCoolandNatalyaandNia JaxandNikki CrossandPiper NivenandRaquel RodriguezandRoxanne PerezandShayna BaszlerandShotziandSonya DevilleandTaminaandTegan NoxandXia LiandZelina VegaandZoey Stark(61:08)WWE Royal Rumble 2023- Premium Live Event @ Alamodome in San Antonio, Texas, USA",
73,23.01.2023,,"Nikki CrossdefeatsDana Brooke(6:38)WWE Main Event #539- Online Stream @ Wells Fargo Center in Philadelphia, Pennsylvania, USA",
74,16.01.2023,,"Dana BrookedefeatsZoey Stark(4:42)WWE Main Event #538- Online Stream @ Heritage Bank Center in Cincinnati, Ohio, USA",
75,02.01.2023,,"Nikki CrossdefeatsDana Brooke(5:28)WWE Main Event #536- Online Stream @ Bridgestone Arena in Nashville, Tennessee, USA",
76,12.12.2022,,"Dana BrookedefeatsBriana Ray(6:12)WWE Main Event #533- Online Stream @ Fiserv Forum in Milwaukee, Wisconsin, USA",
77,28.11.2022,,"Zoey StarkdefeatsDana Brooke(5:42)WWE Main Event #531- Online Stream @ Norfolk Scope Arena in Norfolk, Virginia, USA",
78,14.11.2022,,"IYO SKYdefeatsDana Brooke(3:15)WWE Monday Night RAW #1538- TV-Show @ KFC Yum! Center in Louisville, Kentucky, USA",
79,13.11.2022,,"Dana BrookedefeatsTaminaWWE Sunday Stunner- House Show @ Alliant Energy Center in Madison, Wisconsin, USA",
80,12.11.2022,,"Dana BrookedefeatsTaminaWWE Saturday Night's Main Event- House Show @ Peoria Civic Center in Peoria, Illinois, USA",
81,07.11.2022,,"WWE 24/7 Title:Nikki CrossdefeatsDana Brooke(c) (2:18) -TITLE CHANGE !!!WWE Monday Night RAW #1537- TV-Show @ Mohegan Sun Arena in Wilkes-Barre, Pennsylvania, USA",
82,31.10.2022,,"Kiana JamesdefeatsDana Brooke(4:19)WWE Main Event #527- Online Stream @ American Airlines Center in Dallas, Texas, USA",
83,30.10.2022,,"WWE 24/7 Title:Nikki CrossdefeatsDana Brooke(c) -TITLE CHANGE !!!WWE Live- House Show @ Arena Ciudad de Mexico in Mexico City, Distrito Federal, Mexiko",
84,29.10.2022,,"WWE 24/7 TitleTriple Threat:Nikki CrossdefeatsDana Brooke(c) andTamina-TITLE CHANGE !!!WWE Live- House Show @ Arena Monterrey in Monterrey, Nuevo Leon, Mexiko",
85,24.10.2022,,"Dana BrookedefeatsKiana James(4:56)WWE Main Event #526- Online Stream @ Spectrum Center in Charlotte, North Carolina, USA",
86,16.10.2022,,"WWE 24/7 Title:Dana Brooke(c) vs.Tamina- No ContestWWE Sunday Stunner- House Show @ Stormont Vail Events Center in Topeka, Kansas, USA",
87,16.10.2022,,"WWE Women's Tag Team Title:Damage CTRL(Dakota Kai&IYO SKY) (c) defeatDana Brooke&TaminaWWE Sunday Stunner- House Show @ Stormont Vail Events Center in Topeka, Kansas, USA",
88,15.10.2022,,"WWE 24/7 Title:Dana Brooke(c) vs.Tamina- No ContestWWE Saturday Night's Main Event- House Show @ Tyson Events Center in Sioux City, Iowa, USA",
89,15.10.2022,,"WWE Women's Tag Team Title:Damage CTRL(Dakota Kai&IYO SKY) (c) defeatDana Brooke&TaminaWWE Saturday Night's Main Event- House Show @ Tyson Events Center in Sioux City, Iowa, USA",
90,03.10.2022,,"Dana BrookedefeatsFallon Henley(4:39)WWE Main Event #523- Online Stream @ Xcel Energy Center in St. Paul, Minnesota, USA",
91,24.09.2022,,"WWE 24/7 Title:Nikki ASHdefeatsDana Brooke(c) -TITLE CHANGE !!!WWE Saturday Night's Main Event- House Show @ Pacific Coliseum in Vancouver, British Columbia, Canada",
92,19.09.2022,,"Dana BrookedefeatsTamina(4:48)WWE Main Event #521- Online Stream @ Sap Center in San Jose, California, USA",
93,10.09.2022,,"WWE 24/7 TitleTriple Threat:Nikki ASHdefeatsDana Brooke(c) andTamina-TITLE CHANGE !!!WWE Saturday Night's Main Event- House Show @ World Arena in Colorado Springs, Colorado, USA",
94,26.08.2022,,"WWE Women's Tag Team TitleTournament Second Chance Fatal Four Way:Natalya&Sonya DevilledefeatDana Brooke&TaminaandDoudrop&Nikki ASHandShotzi&Xia Li(3:10)WWE Friday Night SmackDown #1201- TV-Show @ Little Caesars Arena in Detroit, Michigan, USA",
95,22.08.2022,,"Doudrop&Nikki ASHdefeatDana Brooke&Tamina(5:14)WWE Main Event #517- Online Stream @ Scotiabank Arena in Toronto, Ontario, Canada",
96,21.08.2022,,"WWE 24/7 TitleTriple Threat:Nikki ASHdefeatsDana Brooke(c) andTamina-TITLE CHANGE !!!WWE Sunday Stunner- House Show @ Budweiser Gardens in London, Ontario, Canada",
97,20.08.2022,,"WWE 24/7 Title:Dana BrookedefeatsTamina(c) -TITLE CHANGE !!!WWE Saturday Night's Main Event- House Show @ Leon's Centre in Kingston, Ontario, Canada",
98,20.08.2022,,"WWE 24/7 TitleTriple Threat:Nikki ASHdefeatsDana Brooke(c) andTamina-TITLE CHANGE !!!WWE Saturday Night's Main Event- House Show @ Leon's Centre in Kingston, Ontario, Canada",
99,15.08.2022,,"Dakota KaidefeatsDana Brooke(1:50)WWE Monday Night RAW #1525- TV-Show @ Capital One Arena in Washington, District Of Columbia, USA",
100,08.08.2022,,"WWE Women's Tag Team TitleTournament First Round:Dakota Kai&IYO SKYdefeatDana Brooke&Tamina(10:00)WWE Monday Night RAW #1524- TV-Show @ Rocket Mortgage FieldHouse in Cleveland, Ohio, USA",
101,25.07.2022,,"Asuka&Dana BrookedefeatCarmella&Tamina(7:09)WWE Main Event #513- Online Stream @ Madison Square Garden in New York City, New York, USA",
102,18.07.2022,,"Alexa Bliss,Asuka&Dana BrookedefeatDoudrop,Nikki ASH&Tamina(2:35)WWE Monday Night RAW #1521- TV-Show @ Amalie Arena in Tampa, Florida, USA",
103,17.07.2022,,"WWE 24/7 TitleTriple Threat:Dana Brooke(c) defeatsNikki ASHandTaminaWWE Sunday Stunner- House Show @ Ocean Center in Daytona Beach, Florida, USA",
104,16.07.2022,,"WWE 24/7 Title:Dana BrookedefeatsNikki ASHandTaminaWWE Saturday Night's Main Event- House Show @ Donald L. Tucker Civic Center in Tallahassee, Florida, USA",
105,10.07.2022,,"WWE 24/7 Title:Dana Brooke(c) defeatsDoudropWWE Sunday Stunner- House Show @ Extraco Events Center in Waco, Texas, USA",
106,09.07.2022,,"WWE 24/7 Title:Dana Brooke(c) defeatsDoudropWWE Saturday Night's Main Event- House Show @ Brookshire Grocery Arena in Bossier City, Louisiana, USA",
107,20.06.2022,,"WWE 24/7 Title:DoudropdefeatsDana Brooke(c) (2:21) -TITLE CHANGE !!!WWE Main Event #508- Online Stream @ Pinnacle Bank Arena in Lincoln, Nebraska, USA",
108,06.06.2022,,"Becky Lynchvs.Dana Brooke- No Contest (1:00)WWE Monday Night RAW #1515- TV-Show @ Resch Center in Green Bay, Wisconsin, USA",
109,06.06.2022,,"WWE 24/7 Title:Dana Brooke(c) defeatsBecky Lynch(2:10)WWE Monday Night RAW #1515- TV-Show @ Resch Center in Green Bay, Wisconsin, USA",
110,02.05.2022,,"WWE 24/7 Title:Dana BrookedefeatsNikki ASH(c) (1:30) -TITLE CHANGE !!!WWE Monday Night RAW #1510- TV-Show @ Greensboro Coliseum in Greensboro, North Carolina, USA",
111,25.04.2022,,"Mixed (Special Referee: R-Truth):Akira Tozawa&TaminadefeatDana Brooke&Reggie(1:30)WWE Monday Night RAW #1509- TV-Show @ Thompson-Boling Arena At Food City Center in Knoxville, Tennessee, USA",
112,21.03.2022,,"Mixed Tornado:Dana Brooke&ReggiedefeatAkira Tozawa&Tamina(1:05)WWE Monday Night RAW #1504- TV-Show @ Allstate Arena in Rosemont, Illinois, USA",
113,07.03.2022,,"WWE 24/7 Title:Dana Brooke(c) defeatsTamina(1:45)WWE Monday Night RAW #1502- TV-Show @ Rocket Mortgage FieldHouse in Cleveland, Ohio, USA",
114,28.02.2022,,"Mixed:Dana Brooke&ReggiedefeatAkira Tozawa&Tamina(1:40)WWE Monday Night RAW #1501- TV-Show @ Nationwide Arena in Columbus, Ohio, USA",
115,29.01.2022,,"Royal Rumble:Ronda RouseydefeatsAlicia FoxandAliyahandBianca BelairandBrie BellaandCameronandCarmellaandCharlotte FlairandDana BrookeandIvoryandKelly KellyandLitaandLiv MorganandMelinaandMichelle McCoolandMickie JamesandMolly HollyandNaomiandNatalyaandNikki ASHandNikki BellaandQueen ZelinaandRhea RipleyandSarah LoganandSasha BanksandShayna BaszlerandShotziandSonya DevilleandSummer RaeandTamina(59:42)WWE Royal Rumble 2022- Premium Live Event @ The Dome At America's Center in St. Louis, Missouri, USA",
116,24.01.2022,,"Dana Brooke,Liv Morgan&Rhea RipleydefeatCarmella,Nikki ASH&Tamina(2:20)WWE Monday Night RAW #1496- TV-Show @ Huntington Center in Toledo, Ohio, USA",
117,03.01.2022,,"WWE 24/7 TitleMixed:Dana Brooke(c) &ReggiedefeatAkira Tozawa&Tamina(1:10)WWE Monday Night RAW #1493- TV-Show @ Bon Secours Wellness Arena in Greenville, South Carolina, USA",
118,27.12.2021,,"Mixed:Dana Brooke&ReggiedefeatR-Truth&Tamina(2:45)WWE Monday Night RAW #1492- TV-Show @ Little Caesars Arena in Detroit, Michigan, USA",
119,11.12.2021,,"WWE Women's Tag Team TitleTriple Threat:Carmella&Queen Zelina(c) defeatDana Brooke&Liv MorganandNikki ASH&Rhea RipleyWWE Live Supershow- House Show @ Dow Event Center in Saginaw, Michigan, USA",
120,06.12.2021,,"WWE 24/7 Title:Dana Brooke(c) defeatsTamina(5:30)WWE Main Event #480- Online Stream @ FedExForum in Memphis, Tennessee, USA",
121,29.11.2021,,"Bianca Belair,Dana Brooke,Liv Morgan,Nikki ASH&Rhea RipleydefeatBecky Lynch,Carmella,Doudrop,Queen Zelina&Tamina(19:40)WWE Monday Night RAW #1488- TV-Show @ UBS Arena in Elmont, New York, USA",
122,11.10.2021,,"Queen's Crown 2021 First Round:Shayna BaszlerdefeatsDana Brooke(1:25)WWE Monday Night RAW #1481- TV-Show @ Chase Center in San Francisco, California, USA",
123,04.10.2021,,"Shayna BaszlerdefeatsDana Brooke(1:20)WWE Monday Night RAW #1480 - Draft 2021- TV-Show @ Bridgestone Arena in Nashville, Tennessee, USA",
124,06.09.2021,,"DoudropdefeatsDana Brooke(5:00)WWE Main Event #467- Online Stream @ FTX Arena in Miami, Florida, USA",
125,28.06.2021,,"Charlotte Flair,Natalya&TaminadefeatDana Brooke,Mandy Rose&Rhea Ripley(5:40)WWE Monday Night RAW #1466- TV-Show @ WWE ThunderDome (Yuengling Center) in Tampa, Florida, USA",
126,31.05.2021,,"Dana Brooke&Mandy RosedefeatLana&Naomi(3:45)WWE Monday Night RAW #1462- TV-Show @ WWE ThunderDome (Yuengling Center) in Tampa, Florida, USA",
127,17.05.2021,,"Lana&NaomidefeatDana Brooke&Mandy Rose(6:01)WWE Main Event #451- Online Stream @ WWE ThunderDome (Yuengling Center) in Tampa, Florida, USA",
128,10.05.2021,,"Asuka,Dana Brooke&Mandy RosedefeatCharlotte Flair,Nia Jax&Shayna Baszler(8:40)WWE Monday Night RAW #1459- TV-Show @ WWE ThunderDome (Yuengling Center) in Tampa, Florida, USA",
129,03.05.2021,,"Charlotte FlairdefeatsDana Brooke(4:15)WWE Monday Night RAW #1458- TV-Show @ WWE ThunderDome (Yuengling Center) in Tampa, Florida, USA",
130,12.04.2021,,"Nia Jax&Shayna BaszlerdefeatDana Brooke&Mandy Roseby Count Out (4:30)WWE Monday Night RAW #1455- TV-Show @ WWE ThunderDome (Yuengling Center) in Tampa, Florida, USA",
131,10.04.2021,,"WWE Women's Tag Team Title#1 Contendership Tag Team Turmoil:Natalya&TaminadefeatBillie Kay&CarmellaandDana Brooke&Mandy RoseandLana&NaomiandThe Riott Squad(Liv Morgan&Ruby Riott) (14:05)WWE WrestleMania 37 - Tag 1- Premium Live Event @ Raymond James Stadium in Tampa, Florida, USA",
132,22.03.2021,,"Nia Jax&Shayna BaszlerdefeatDana Brooke&Mandy Rose(2:45)WWE Monday Night RAW #1452- TV-Show @ WWE ThunderDome (Tropicana Field) in St. Petersburg, Florida, USA",
133,15.03.2021,,"Dana Brooke&Mandy RosedefeatLana&Naomi(4:30)WWE Monday Night RAW #1451- TV-Show @ WWE ThunderDome (Tropicana Field) in St. Petersburg, Florida, USA",
134,22.02.2021,,"Lana&NaomidefeatDana Brooke&Mandy Rose(1:35)WWE Monday Night RAW #1448- TV-Show @ WWE ThunderDome (Tropicana Field) in St. Petersburg, Florida, USA",
135,08.02.2021,,"Dana BrookedefeatsPeyton Royce(5:37)WWE Main Event #437- Online Stream @ WWE ThunderDome (Tropicana Field) in St. Petersburg, Florida, USA",
136,01.02.2021,,"WWE Women's Tag Team Title#1 Contendership Triple Threat:Lana&NaomidefeatAsuka&Charlotte FlairandDana Brooke&Mandy Rose(11:05)WWE Monday Night RAW #1445- TV-Show @ WWE ThunderDome (Tropicana Field) in St. Petersburg, Florida, USA",
137,31.01.2021,,"Royal Rumble:Bianca BelairdefeatsAlexa BlissandAlicia FoxandBayleyandBillie KayandCarmellaandCharlotte FlairandDakota KaiandDana BrookeandEmber MoonandJillian HallandLacey EvansandLanaandLiv MorganandMandy RoseandMickie JamesandNaomiandNatalyaandNia JaxandNikki CrossandPeyton RoyceandRhea RipleyandRuby RiottandSantana GarrettandShayna BaszlerandShotzi BlackheartandTaminaandToni StormandTorrie WilsonandVictoria(58:48)WWE Royal Rumble 2021- Premium Live Event @ WWE ThunderDome (Tropicana Field) in St. Petersburg, Florida, USA",
138,25.01.2021,,"Lacey Evans,Nia Jax&Shayna BaszlerdefeatCharlotte Flair,Dana Brooke&Mandy Rose(9:06)WWE Monday Night RAW #1444- TV-Show @ WWE ThunderDome (Tropicana Field) in St. Petersburg, Florida, USA",
139,11.01.2021,,"Nia Jax&Shayna BaszlerdefeatDana Brooke&Mandy Rose(3:22)WWE Monday Night RAW #1442- TV-Show @ WWE ThunderDome (Tropicana Field) in St. Petersburg, Florida, USA",
140,04.01.2021,,"Dana BrookedefeatsShayna Baszler(0:40)WWE Monday Night RAW #1441 - Legends Night- TV-Show @ WWE ThunderDome (Tropicana Field) in St. Petersburg, Florida, USA",
141,28.12.2020,,"Shayna BaszlerdefeatsDana Brooke(4:20)WWE Monday Night RAW #1440- TV-Show @ WWE ThunderDome (Tropicana Field) in St. Petersburg, Florida, USA",
142,21.12.2020,,"Nia Jax&Shayna BaszlerdefeatDana Brooke&Mandy Rose(12:53)WWE Monday Night RAW #1439- TV-Show @ WWE ThunderDome (Tropicana Field) in St. Petersburg, Florida, USA",
143,14.12.2020,,"Dana BrookedefeatsShayna Baszlerby DQ (1:30)WWE Monday Night RAW #1438- TV-Show @ WWE ThunderDome (Tropicana Field) in St. Petersburg, Florida, USA",
144,07.12.2020,,"Mixed:Dana Brooke&RicochetdefeatRETRIBUTION(Reckoning&Slapjack) (1:45)WWE Monday Night RAW #1437- TV-Show @ WWE ThunderDome (Amway Center) in Orlando, Florida, USA",
145,30.11.2020,,"Dana BrookedefeatsReckoning(2:15)WWE Monday Night RAW #1436- TV-Show @ WWE ThunderDome (Amway Center) in Orlando, Florida, USA",
146,16.11.2020,,"Asuka,Dana Brooke&Mandy RosedefeatLana,Nia Jax&Shayna Baszler(7:00)WWE Monday Night RAW #1434- TV-Show @ WWE ThunderDome (Amway Center) in Orlando, Florida, USA",
147,02.11.2020,,"WWE Women's Tag Team Title:Nia Jax&Shayna Baszler(c) defeatDana Brooke&Mandy Rose(3:35)WWE Monday Night RAW #1432- TV-Show @ WWE ThunderDome (Amway Center) in Orlando, Florida, USA",
148,19.10.2020,,"Fatal Four Way:Nia Jax&Shayna BaszlerdefeatDana Brooke&Mandy RoseandLacey Evans&Peyton RoyceandThe Riott Squad(Liv Morgan&Ruby Riott) (8:30)WWE Monday Night RAW #1430- TV-Show @ WWE ThunderDome (Amway Center) in Orlando, Florida, USA",
149,12.10.2020,,"Dana Brooke&Mandy RosedefeatLana&Natalya(3:40)WWE Monday Night RAW #1429 - Draft 2020- TV-Show @ WWE ThunderDome (Amway Center) in Orlando, Florida, USA",
150,12.10.2020,,"WWE RAW Women's Title#1 Contendership Battle Royal:LanadefeatsBianca BelairandBillie KayandDana BrookeandLacey EvansandLiv MorganandMandy RoseandNatalyaandNia JaxandNikki CrossandPeyton RoyceandRuby RiottandShayna BaszlerandTamina(11:25)WWE Monday Night RAW #1429 - Draft 2020- TV-Show @ WWE ThunderDome (Amway Center) in Orlando, Florida, USA",
151,05.10.2020,,"Asuka,Dana Brooke&Mandy RosedefeatLana,Natalya&Zelina Vega(4:50)WWE Monday Night RAW #1428- TV-Show @ WWE ThunderDome (Amway Center) in Orlando, Florida, USA",
152,28.09.2020,,"Dana Brooke&Mandy RosedefeatLana&Natalya(3:05)WWE Monday Night RAW #1427- TV-Show @ WWE ThunderDome (Amway Center) in Orlando, Florida, USA",
153,13.08.2020,,"WWE SmackDown Women's Title#1 Contendership Tri-Brand Battle Royal:AsukadefeatsBianca BelairandBillie KayandDana BrookeandLacey EvansandLiv MorganandNaomiandNikki CrossandPeyton RoyceandRuby RiottandShayna BaszlerandShotzi BlackheartandTaminaandTegan Nox(9:00)WWE Friday Night SmackDown #1095- TV-Show @ WWE Performance Center in Orlando, Florida, USA",
154,26.06.2020,,"WWE SmackDown Women's Title#1 Contendership Fatal Four Way:Nikki CrossdefeatsAlexa BlissandDana BrookeandLacey Evans(5:20)WWE Friday Night SmackDown #1088- TV-Show @ WWE Performance Center in Orlando, Florida, USA",
155,11.05.2020,,"Dana BrookedefeatsNaomi(1:40)WWE Friday Night SmackDown #1082- TV-Show @ WWE Performance Center in Orlando, Florida, USA",
156,10.05.2020,,"WWE RAW Women's TitleMoney In The Bank Ladder Match (vakant):AsukadefeatsCarmellaandDana BrookeandLacey EvansandNia JaxandShayna Baszler(21:43) -TITLE CHANGE !!!WWE Money In The Bank 2020- Premium Live Event @ WWE Performance Center in Orlando, Florida, USA",
157,24.04.2020,,"WWE Women's Tag Team Title:Alexa Bliss&Nikki Cross(c) defeatCarmella&Dana Brooke(6:11)WWE Friday Night SmackDown #1079- TV-Show @ WWE Performance Center in Orlando, Florida, USA",
158,17.04.2020,,"Money In The Bank Qualifying:Dana BrookedefeatsNaomi(4:10)WWE Friday Night SmackDown #1078- TV-Show @ WWE Performance Center in Orlando, Florida, USA",
159,06.03.2020,,"Fire And Desire(Mandy Rose&Sonya Deville) defeatCarmella&Dana Brooke(2:55)WWE Friday Night SmackDown #1072- TV-Show @ KeyBank Center in Buffalo, New York, USA",
160,07.02.2020,,"WWE SmackDown Women's Title#1 Contendership Fatal Four Way:CarmelladefeatsAlexa BlissandDana BrookeandNaomi(11:45)WWE Friday Night SmackDown #1068- TV-Show @ SAP Center in San Jose, California, USA",
161,26.01.2020,,"Royal Rumble:Charlotte FlairdefeatsAlexa BlissandBeth PhoenixandBianca BelairandCandice LeRaeandCarmellaandChelsea GreenandDakota KaiandDana BrookeandKairi SaneandKelly KellyandLanaandLiv MorganandMandy RoseandMercedes MartinezandMia YimandMighty MollyandNaomiandNatalyaandNikki CrossandSantina MarellaandSarah LoganandShayna BaszlerandShotzi BlackheartandSonya DevilleandTaminaandTegan NoxandToni StormandXia LiandZelina Vega(54:17)WWE Royal Rumble 2020- Premium Live Event @ Minute Maid Park in Houston, Texas, USA",
162,03.01.2020,,"Triple Threat:Dana Brooke&Lacey EvansdefeatAlexa Bliss&Nikki CrossandBayley&Sasha Banks(13:15)WWE Friday Night SmackDown #1063- TV-Show @ FedExForum in Memphis, Tennessee, USA",
163,30.12.2019,,"Triple Threat:Dana Brooke&Lacey EvansdefeatAlexa Bliss&Nikki CrossandBayley&Sasha BanksWWE Live- House Show @ Staples Center in Los Angeles, California, USA",
164,29.12.2019,,"Triple Threat:Alexa Bliss&Nikki CrossdefeatBayley&Sasha BanksandDana Brooke&Lacey EvansWWE Live- House Show @ Place Bell in Montreal, Quebec, Canada",
165,28.12.2019,,"Triple Threat:Dana Brooke&Lacey EvansdefeatAlexa Bliss&Nikki CrossandBayley&Sasha BanksWWE Live- House Show @ Coca-Cola Coliseum in Toronto, Ontario, Canada",
166,27.12.2019,,"Bayley&Sasha BanksdefeatDana Brooke&Lacey Evans(6:30)WWE Friday Night SmackDown #1062- TV-Show @ Little Caesars Arena in Detroit, Michigan, USA",
167,26.12.2019,,"Triple Threat:Alexa Bliss&Nikki CrossdefeatCarmella&Dana BrookeandFire And Desire(Mandy Rose&Sonya Deville)WWE Live- House Show @ U.S. Bank Arena in Cincinnati, Ohio, USA",
168,20.12.2019,,"BayleydefeatsDana Brooke(4:10)WWE Friday Night SmackDown #1061- TV-Show @ Barclays Center in New York City, New York, USA",
169,13.12.2019,,"BayleydefeatsDana Brooke(2:44)WWE Friday Night SmackDown #1060- TV-Show @ Fiserv Forum in Milwaukee, Wisconsin, USA",
170,12.12.2019,,"Nikki CrossdefeatsDana BrookeWWE Live- House Show @ Resch Center in Green Bay, Wisconsin, USA",
171,24.11.2019,,"RAW vs. SmackDown vs. NXT 15 Man Elimination Triple Threat:Team NXT (Bianca Belair,Candice LeRae,Io Shirai,Rhea Ripley&Toni Storm) defeat Team RAW (Asuka,Charlotte Flair,Kairi Sane,Natalya&Sarah Logan) and Team SmackDown (Carmella,Dana Brooke,Lacey Evans,Nikki Cross&Sasha Banks) (28:00)WWE Survivor Series 2019- Premium Live Event @ Allstate Arena in Rosemont, Illinois, USA",
172,16.11.2019,,"Dana BrookedefeatsTaminaWWE Live- House Show @ Capital One Arena in Washington, District Of Columbia, USA",
173,15.11.2019,,"Carmella,Dana Brooke,Nikki Cross&Sasha BanksdefeatDakota Kai,Mia Yim,Rhea Ripley&Tegan Nox(9:25)WWE Friday Night SmackDown #1056- TV-Show @ Wells Fargo Center in Philadelphia, Pennsylvania, USA",
174,13.11.2019,,"Carmella&Dana BrookedefeatThe IIconics(Billie Kay&Peyton Royce)WWE Live- House Show @ Hallenstadion in Zürich, Schweiz",
175,12.11.2019,,"Carmella&Dana BrookedefeatThe IIconics(Billie Kay&Peyton Royce)WWE Live- House Show @ Zenith Arena de Lille in Lille, Nord, Frankreich",
176,11.11.2019,,"Carmella&Dana BrookedefeatThe IIconics(Billie Kay&Peyton Royce) (5:27)WWE Live- House Show @ Wiener Stadthalle in Wien, Österreich",
177,10.11.2019,,"Carmella&Dana BrookedefeatFire And Desire(Mandy Rose&Sonya Deville)WWE Live- House Show @ 3Arena in Dublin, Ireland",
178,09.11.2019,,"Carmella&Dana BrookedefeatFire And Desire(Mandy Rose&Sonya Deville)WWE Live- House Show @ Butlins Arena in Minehead, Somerset, England, UK",
179,08.11.2019,,"Carmella&Dana BrookedefeatFire And Desire(Mandy Rose&Sonya Deville) (3:50)WWE Friday Night SmackDown #1055- TV-Show @ Manchester Arena in Manchester, England, UK",
180,07.11.2019,,"Carmella&Dana BrookedefeatFire And Desire(Mandy Rose&Sonya Deville)WWE Live- House Show @ Brighton Centre in Brighton, East Sussex, England, UK",
181,07.11.2019,,"Dana BrookedefeatsMandy Roseby DQWWE Live- House Show @ Brighton Centre in Brighton, East Sussex, England, UK",
182,18.10.2019,,"WWE SmackDown Women's Title#1 Contendership Six Pack Challenge:Nikki CrossdefeatsCarmellaandDana BrookeandLacey EvansandMandy RoseandSonya Deville(9:00)WWE Friday Night SmackDown #1052- TV-Show @ Bankers Life Fieldhouse in Indianapolis, Indiana, USA",
183,14.10.2019,,"Sarah LogandefeatsDana Brooke(5:39)WWE Main Event #368- Online Stream @ Pepsi Center in Denver, Colorado, USA",
184,21.09.2019,,"WWE Women's Tag Team Title:Alexa Bliss&Nikki Cross(c) defeatDana Brooke&TaminaWWE Live- House Show @ Rogers Place in Edmonton, Alberta, Canada",
185,20.09.2019,,"WWE Women's Tag Team Title:Alexa Bliss&Nikki Cross(c) defeatDana Brooke&TaminaWWE Live- House Show @ Stampede Corral in Calgary, Alberta, Canada",
186,16.09.2019,,"Lacey EvansdefeatsDana Brooke(3:15)WWE Monday Night RAW #1373- TV-Show @ Thompson-Boling Arena At Food City Center in Knoxville, Tennessee, USA",
187,09.09.2019,,"The IIconics(Billie Kay&Peyton Royce) defeatDana Brooke&Sarah Logan(7:20)WWE Main Event #363- Online Stream @ Madison Square Garden in New York City, New York, USA",
188,06.09.2019,,"WWE Women's Tag Team Title:Alexa Bliss&Nikki Cross(c) defeatDana Brooke&NatalyaWWE Live- House Show @ TD Station in St. John, New Brunswick, Canada",
189,02.09.2019,,"Sarah LogandefeatsDana Brooke(5:21)WWE Main Event #362- Online Stream @ Royal Farms Arena in Baltimore, Maryland, USA",
190,01.09.2019,,"WWE Women's Tag Team Title:Alexa Bliss&Nikki Cross(c) defeatDana Brooke&NatalyaWWE Live- House Show @ Westchester County Center in White Plains, New York, USA",
191,26.08.2019,,"Lacey EvansdefeatsDana Brooke(5:59)WWE Main Event #361- Online Stream @ Smoothie King Center in New Orleans, Louisiana, USA",
192,19.08.2019,,"Dana BrookedefeatsSarah Logan(4:24)WWE Main Event #360- Online Stream @ Xcel Energy Arena in St. Paul, Minnesota, USA",
193,18.08.2019,,"WWE Women's Tag Team Title:Alexa Bliss&Nikki Cross(c) defeatDana Brooke&Sarah LoganWWE Live- House Show @ Fargodome in Fargo, North Dakota, USA",
194,17.08.2019,,"WWE Women's Tag Team Title:Alexa Bliss&Nikki Cross(c) defeatDana Brooke&Sarah LoganWWE Live- House Show @ Alerus Center in Grand Forks, North Dakota, USA",
195,16.08.2019,,"WWE Women's Tag Team Title:Alexa Bliss&Nikki Cross(c) defeatDana Brooke&Sarah LoganWWE Live- House Show @ Bismarck Event Center in Bismarck, North Dakota, USA",
196,12.08.2019,,"Lacey EvansdefeatsDana Brooke(5:09)WWE Main Event #359- Online Stream @ Scotiabank Arena in Toronto, Ontario, Canada",
197,05.08.2019,,"Dana BrookedefeatsSarah Logan(6:18)WWE Main Event #358- Online Stream @ PPG Paints Arena in Pittsburgh, Pennsylvania, USA",
198,04.08.2019,,"Dana BrookedefeatsSarah LoganWWE Live- House Show @ Erie Insurance Arena in Erie, Pennsylvania, USA",
199,03.08.2019,,"Dana BrookedefeatsSarah LoganWWE Live- House Show @ Huntingdon Center in Toledo, Ohio, USA",
200,02.08.2019,,"Dana BrookedefeatsSarah LoganWWE Live- House Show @ Allen County War Memorial Coliseum in Fort Wayne, Indiana, USA",
201,29.07.2019,,"Lacey EvansdefeatsDana Brooke(5:42)WWE Main Event #357- Online Stream @ Verizon Arena in North Little Rock, Arkansas, USA",
202,15.07.2019,,"Dana BrookedefeatsSarah Logan(5:49)WWE Main Event #355- Online Stream @ Nassau Veterans Memorial Coliseum in Uniondale, New York, USA",
203,13.07.2019,,"Four Way:NatalyadefeatsDana BrookeandNaomiandSarah LoganWWE Live- House Show @ MassMutual Center in Springfield, Massachusetts, USA",
204,12.07.2019,,"Dana Brooke&NaomidefeatSarah Logan&TaminaWWE Live- House Show @ Augusta Civic Center in Augusta, Maine, USA",
205,08.07.2019,,"Beat The Clock Challenge:Nikki CrossdefeatsDana Brooke(2:42)WWE Monday Night RAW #1363- TV-Show @ Prudential Center in Newark, New Jersey, USA",
206,01.07.2019,,"Sarah LogandefeatsDana Brooke(5:46)WWE Main Event #353- Online Stream @ American Airlines Center in Dallas, Texas, USA",
207,24.06.2019,,"Dana BrookedefeatsSarah Logan(6:11)WWE Main Event #352- Online Stream @ Angel Of The Winds Arena in Everett, Washington, USA",
208,22.06.2019,,"Mixed:Dana Brooke,Naomi&No Way JosedefeatEC3,Sarah Logan&TaminaWWE Live- House Show @ Spokane Arena in Spokane, Washington, USA",
209,21.06.2019,,"Mixed:Dana Brooke,Naomi&No Way JosedefeatEC3,Sarah Logan&TaminaWWE Live- House Show @ Adams Event Center in Missoula, Montana, USA",
210,17.06.2019,,"Sarah LogandefeatsDana Brookeby referee's decision (2:58)WWE Main Event #351- Online Stream @ Staples Center in Los Angeles, California, USA",
211,03.06.2019,,"Dana Brooke&NatalyadefeatSarah Logan&Tamina(4:49)WWE Main Event #349- Online Stream @ Frank Erwin Center in Austin, Texas, USA",
212,02.06.2019,,"Dana Brooke&NaomidefeatSarah Logan&TaminaWWE Live- House Show @ Foster Communications Coliseum in San Angelo, Texas, USA",
213,01.06.2019,,"Dana Brooke&NaomidefeatSarah Logan&TaminaWWE Live- House Show @ United Supermarkets Arena in Lubbock, Texas, USA",
214,31.05.2019,,"Dana Brooke&NaomidefeatSarah Logan&TaminaWWE Live- House Show @ Santa Ana Star Center in Rio Rancho, New Mexico, USA",
215,19.05.2019,,"Money In The Bank Ladder:BayleydefeatsCarmellaandDana BrookeandEmber MoonandMandy RoseandNaomiandNatalyaandNikki Cross(13:51)WWE Money In The Bank 2019- Premium Live Event @ XL Center in Hartford, Connecticut, USA",
216,13.05.2019,,"Fatal Four Way:Nikki CrossdefeatsDana BrookeandNaomiandNatalya(9:25)WWE Monday Night RAW #1355- TV-Show @ The O2 in London, England, UK",
217,22.04.2019,,"Dana BrookedefeatsRuby Riott(5:25)WWE Main Event #343- Online Stream @ Wells Fargo Arena in Des Moines, Iowa, USA",
218,21.04.2019,,"Dark:Alexa Bliss&Lacey EvansdefeatDana Brooke&Nikki CrossWWE Live - The Shield's Final Chapter- Dark Match @ Tax Slayer Center in Moline, Illinois, USA",
219,20.04.2019,,"Alexa Bliss&Lacey EvansdefeatDana Brooke&Ember MoonWWE Live- House Show @ Bank Of Springfield Center in Springfield, Illinois, USA",
220,19.04.2019,,"Lacey Evans&The Riott Squad(Liv Morgan,Ruby Riott&Sarah Logan) defeatBayley,Dana Brooke,Ember Moon&Nikki CrossWWE Live- House Show @ Enterprise Center in St. Louis, Missouri, USA",
221,15.04.2019,,"Dana BrookedefeatsTamina(5:59)WWE Main Event #342- Online Stream @ Bell Centre in Montreal, Quebec, Canada",
222,08.04.2019,,"Dark:Dana BrookedefeatsJessieWWE Worlds Collide 2019: Women Collide- Dark Match @ Brooklyn Pier 12 in New York City, New York, USA",
223,07.04.2019,,"Women's Battle Royal:CarmelladefeatsAsukaandCandice LeRaeandDana BrookeandEmber MoonandKairi SaneandLanaandLiv MorganandMandy RoseandMaria KanellisandMickie JamesandNaomiandNikki CrossandRuby RiottandSarah LoganandSonya DevilleandZelina Vega(10:30)WWE WrestleMania 35 Kickoff- Online Stream @ MetLife Stadium in East Rutherford, New Jersey, USA",
224,18.03.2019,,"WWE RAW Women's Title:Ronda Rousey(c) defeatsDana Brooke(0:19)WWE Monday Night RAW #1347- TV-Show @ Allstate Arena in Rosemont, Illinois, USA",
225,17.03.2019,,"WWE RAW Women's Title:Ronda Rousey(c) defeatsDana BrookeWWE Live- House Show @ Resch Center in Green Bay, Wisconsin, USA",
226,16.03.2019,,"WWE RAW Women's Title:Ronda Rousey(c) defeatsDana BrookeWWE Live- House Show @ Fiserv Forum in Milwaukee, Wisconsin, USA",
227,09.03.2019,,"Dana Brooke&NatalyadefeatAlexa Bliss&Lacey EvansWWE Live- House Show @ Blue Cross Arena in Rochester, New York, USA",
228,08.03.2019,,"Dana Brooke&NatalyadefeatAlexa Bliss&Lacey EvansWWE Live- House Show @ Coca-Cola Coliseum in Toronto, Ontario, Canada",
229,03.03.2019,,"Triple Threat:Lacey EvansdefeatsDana BrookeandNatalyaWWE Live- House Show @ EagleBank Arena in Fairfax, Virginia, USA",
230,02.03.2019,,"Triple Threat:NatalyadefeatsDana BrookeandLacey EvansWWE Live- House Show @ Mark G. Etess Arena At Hard Rock Hotel & Casino in Atlantic City, New Jersey, USA",
231,10.02.2019,,"Bayley,Dana Brooke&NatalyadefeatAlicia Fox,Mickie James&Nikki CrossWWE Live- House Show @ Dow Event Center in Saginaw, Michigan, USA",
232,09.02.2019,,"Bayley,Dana Brooke&NatalyadefeatAlicia Fox,Mickie James&Nikki CrossWWE Live- House Show @ Tribute Communities Centre in Oshawa, Ontario, Canada",
233,08.02.2019,,"Bayley,Dana Brooke&NatalyadefeatAlicia Fox,Mickie James&Nikki Cross(11:20)WWE Live- House Show @ Canadian Tire Centre in Ottawa, Ontario, Canada",
234,28.01.2019,,"WWE Women's Tag Team TitleElimination Chamber Qualifying:The Riott Squad(Liv Morgan&Sarah Logan) defeatDana Brooke&Natalya(2:50)WWE Monday Night RAW #1340- TV-Show @ Talking Stick Resort Arena in Phoenix, Arizona, USA",
235,27.01.2019,,"Royal Rumble:Becky LynchdefeatsAlexa BlissandAlicia FoxandBayleyandBillie KayandCandice LeRaeandCarmellaandCharlotte FlairandDana BrookeandEmber MoonandIo ShiraiandKacy CatanzaroandKairi SaneandLacey EvansandLiv MorganandMandy RoseandMaria KanellisandMickie JamesandNaomiandNatalyaandNia JaxandNikki CrossandPeyton RoyceandRhea RipleyandRuby RiottandSarah LoganandSonya DevilleandTaminaandXia LiandZelina Vega(72:00)WWE Royal Rumble 2019- Premium Live Event @ Chase Field in Phoenix, Arizona, USA",
236,14.01.2019,,"Alicia Fox&Mickie JamesdefeatDana Brooke&Ember Moon(7:02)WWE Main Event #329- Online Stream @ FedExForum in Memphis, Tennessee, USA",
237,06.01.2019,,"Ember Moon&The Boss 'N' Hug Connection(Bayley&Sasha Banks) defeatAlicia Fox,Dana Brooke&Mickie JamesWWE Live- House Show @ Hertz Arena in Fort Myers, Florida, USA",
238,05.01.2019,,"Ember Moon&The Boss 'N' Hug Connection(Bayley&Sasha Banks) defeatAlicia Fox,Dana Brooke&Mickie JamesWWE Live- House Show @ Donald L. Tucker Civic Center in Tallahassee, Florida, USA",
239,04.01.2019,,"Ember Moon&The Boss 'N' Hug Connection(Bayley&Sasha Banks) defeatAlicia Fox,Dana Brooke&Mickie JamesWWE Live- House Show @ Columbus Civic Center in Columbus, Georgia, USA",
240,29.12.2018,,"Natalya&The Boss 'N' Hug Connection(Bayley&Sasha Banks) defeatDana Brooke&The Riott Squad(Ruby Riott&Sarah Logan)WWE Live- House Show @ United Center in Chicago, Illinois, USA",
241,27.12.2018,,"The Boss 'N' Hug Connection(Bayley&Sasha Banks) defeatDana Brooke&Mickie JamesWWE Live- House Show @ Nationwide Arena in Columbus, Ohio, USA",
242,26.12.2018,,"The Boss 'N' Hug Connection(Bayley&Sasha Banks) defeatAlicia Fox&Dana BrookeWWE Live- House Show @ Madison Square Garden in New York City, New York, USA",
243,17.12.2018,,"Ember Moon&The Boss 'N' Hug Connection(Bayley&Sasha Banks) defeatAlicia Fox,Dana Brooke&Mickie James(8:29)WWE Monday Night RAW #1335- TV-Show @ Golden 1 Center in Sacramento, California, USA",
244,17.12.2018,,"WWE RAW Women's Title#1 Contendership Eight Man Gauntlet:NatalyadefeatsAlicia FoxandBayleyandDana BrookeandEmber MoonandMickie JamesandRuby RiottandSasha Banks(52:55)WWE Monday Night RAW #1334- TV-Show @ Golden 1 Center in Sacramento, California, USA",
245,07.12.2018,,"Battle Royal:Nia JaxdefeatsBayleyandDana BrookeandEmber MoonandLiv MorganandMickie JamesandNatalyaandRuby RiottandSarah LoganandTaminaWWE Live- House Show @ Luna Park Stadium in Buenos Aires, Argentinien",
246,24.11.2018,,"Dana Brooke,Ember Moon&The Boss 'N' Hug Connection(Bayley&Sasha Banks) defeatAlicia Fox,Mickie James,Nia Jax&Tamina(6:50)WWE Starrcade 2018- Online Stream @ U.S. Bank Arena in Cincinnati, Ohio, USA",
247,12.11.2018,,"Dana BrookedefeatsAlicia Fox(5:21)WWE Main Event #320- Online Stream @ Sprint Center in Kansas City, Missouri, USA",
248,06.11.2018,,"Dana Brooke,Ember Moon&Sasha BanksdefeatThe Riott Squad(Liv Morgan,Ruby Riott&Sarah Logan)WWE Live- House Show @ First Direct Arena in Leeds, West Yorkshire, England, UK",
249,04.11.2018,,"Dana Brooke,Nia Jax&The Boss 'N' Hug Connection(Bayley&Sasha Banks) defeatAlicia Fox&The Riott Squad(Liv Morgan,Ruby Riott&Sarah Logan)WWE Live- House Show @ Palau Sant Jordi in Barcelona, Spanien",
250,03.11.2018,,"Dana Brooke,Nia Jax&The Boss 'N' Hug Connection(Bayley&Sasha Banks) defeatAlicia Fox&The Riott Squad(Liv Morgan,Ruby Riott&Sarah Logan)WWE Live- House Show @ Wizink Center in Madrid, Spanien",
251,28.10.2018,,"20 Woman Battle Royal:Nia JaxdefeatsAlundra BlayzeandAsukaandBillie KayandCarmellaandDana BrookeandEmber MoonandIvoryandKelly KellyandLanaandMandy RoseandMaria KanellisandMichelle McCoolandMolly HollyandNaomiandPeyton RoyceandSonya DevilleandTaminaandTorrie WilsonandZelina Vega(16:28)WWE Evolution 2018- Premium Live Event @ Nassau Veterans Memorial Coliseum in Uniondale, New York, USA",
252,22.10.2018,,"Fatal Four Way:Ember MoondefeatsDana BrookeandNia JaxandTamina(1:45)WWE Monday Night RAW #1326- TV-Show @ Dunkin' Donuts Center in Providence, Rhode Island, USA",
253,21.10.2018,,"Bayley,Dana Brooke&Sasha BanksdefeatThe Riott Squad(Liv Morgan,Ruby Riott&Sarah Logan)WWE Live Supershow- House Show @ TD Garden in Boston, Massachusetts, USA",
254,20.10.2018,,"Bayley,Dana Brooke&Sasha BanksdefeatAlicia Fox&The Riott Squad(Liv Morgan&Ruby Riott)WWE Live- House Show @ Cross Insurance Arena in Portland, Maine, USA",
255,19.10.2018,,"Bayley,Dana Brooke&Sasha BanksdefeatAlicia Fox&The Riott Squad(Liv Morgan&Ruby Riott)WWE Live- House Show @ Cross Insurance Center in Bangor, Maine, USA",
256,15.10.2018,,"Ember Moon&Nia JaxdefeatDana Brooke&Tamina(4:50)WWE Monday Night RAW #1325- TV-Show @ Wells Fargo Center in Philadelphia, Pennsylvania, USA",
257,14.10.2018,,"Dana Brooke,Ember Moon&Nia JaxdefeatThe Riott Squad(Liv Morgan,Ruby Riott&Sarah Logan)WWE Live- House Show @ Floyd L. Maines Veterans Arena in Binghamton, New York, USA",
258,14.10.2018,,"Dana Brooke,Natalya&Nia JaxdefeatThe Riott Squad(Liv Morgan,Ruby Riott&Sarah Logan)WWE Live- House Show @ PPL Center in Allentown, Pennsylvania, USA",
259,12.10.2018,,"Dana Brooke,Natalya&Nia JaxdefeatThe Riott Squad(Liv Morgan,Ruby Riott&Sarah Logan)WWE Live- House Show @ War Memorial Arena At Oncenter in Syracuse, New York, USA",
260,30.09.2018,,"Dana Brooke,Ember Moon&NatalyadefeatAlicia Fox&The Riott Squad(Ruby Riott&Sarah Logan)WWE Live- House Show @ Abbotsford Center in Abbotsford, British Columbia, Canada",
261,22.09.2018,,"Bayley,Dana Brooke,Ember Moon&NatalyadefeatAlicia Fox,Mickie James&The Riott Squad(Ruby Riott&Sarah Logan)WWE Live- House Show @ Billings, Montana, USA",
262,21.09.2018,,"Bayley,Dana Brooke,Ember Moon&NatalyadefeatMickie James&The Riott Squad(Liv Morgan,Ruby Riott&Sarah Logan)WWE Live- House Show @ Butte-Silver Bow Civic Center in Butte, Montana, USA",
263,17.09.2018,,"BayleydefeatsDana Brooke(3:00)WWE Monday Night RAW #1321- TV-Show @ American Airlines Center in Dallas, Texas, USA",
264,10.09.2018,,"Ember MoondefeatsDana Brooke(5:24)WWE Main Event #311- Online Stream @ Smoothie King Center in New Orleans, Louisiana, USA",
265,03.09.2018,,"Bayley&Sasha BanksdefeatDana Brooke&Ember Moon(6:02)WWE Monday Night RAW #1319- TV-Show @ Value City Arena At The Jerome Schottenstein Center in Columbus, Ohio, USA",
266,27.08.2018,,"Sasha BanksdefeatsDana Brooke(2:30)WWE Monday Night RAW #1318- TV-Show @ Scotiabank Arena in Toronto, Ontario, Canada",
267,12.08.2018,,"Bayley,Dana Brooke,Ember Moon&Sasha BanksdefeatAlexa Bliss,Alicia Fox&The Riott Squad(Liv Morgan&Sarah Logan)WWE Live- House Show @ Berglund Center in Roanoke, Virginia, USA",
268,11.08.2018,,"Bayley,Dana Brooke,Ember Moon&Sasha BanksdefeatAlexa Bliss,Alicia Fox&The Riott Squad(Liv Morgan&Sarah Logan)WWE Live- House Show @ Norfolk Scope in Norfolk, Virginia, USA",
269,10.08.2018,,"Bayley,Dana Brooke,Ember Moon&Sasha BanksdefeatAlexa Bliss,Alicia Fox&The Riott Squad(Liv Morgan&Sarah Logan)WWE Live- House Show @ WYCC Arena in Salisbury, Maryland, USA",
270,16.07.2018,,"Alicia Fox&Dana BrookedefeatBayley&Sasha Banksby DQ (2:20)WWE Monday Night RAW #1312- TV-Show @ KeyBank Center in Buffalo, New York, USA",
271,29.06.2018,,"Dana BrookedefeatsRuby RiottWWE Live- House Show @ Rushmore Plaza Civic Center in Rapid City, South Dakota, USA",
272,24.06.2018,,"Bayley,Dana Brooke,Ronda Rousey&Sasha BanksdefeatThe Riott Squad(Liv Morgan,Ruby Riott&Sarah Logan) &Alexa BlissWWE Live- House Show @ Honda Center in Anaheim, California, USA",
273,23.06.2018,,"Bayley&Dana BrookedefeatThe Riott Squad(Liv Morgan&Ruby Riott)WWE Live- House Show @ Maverik Center in West Valley City, Utah, USA",
274,22.06.2018,,"Bayley&Dana BrookedefeatThe Riott Squad(Ruby Riott&Sarah Logan)WWE Live- House Show @ Taco Bell in Boise, Idaho, USA",
275,03.06.2018,,"Bayley,Dana Brooke&Sasha BanksdefeatThe Riott Squad(Liv Morgan,Ruby Riott&Sarah Logan)WWE Live- House Show @ Lake Charles Civic Center in Lake Charles, Louisiana, USA",
276,02.06.2018,,"Bayley,Dana Brooke&Sasha BanksdefeatThe Riott Squad(Liv Morgan,Ruby Riott&Sarah Logan)WWE Live- House Show @ Raising Cane's River Center in Baton Rouge, Louisiana, USA",
277,01.06.2018,,"Bayley,Dana Brooke&Sasha BanksdefeatThe Riott Squad(Liv Morgan,Ruby Riott&Sarah Logan)WWE Live- House Show @ Rapides Coliseum in Alexandria, Louisiana, USA",
278,28.05.2018,,"Money In The Bank Qualifying Gauntlet:Sasha BanksdefeatsBayleyandDana BrookeandLiv MorganandMickie JamesandRuby RiottandSarah Logan(21:45)WWE Monday Night RAW #1305- TV-Show @ Richmond Coliseum in Richmond, Virginia, USA",
279,21.05.2018,,"Money In The Bank Qualifying Fatal Four Way:NatalyadefeatsDana BrookeandLiv MorganandSarah Logan(4:00)WWE Monday Night RAW #1304- TV-Show @ Times Union Center in Albany, New York, USA",
280,08.04.2018,,"WrestleMania Women's Battle Royal:NaomidefeatsBayleyandBecky LynchandBianca BelairandCarmellaandDakota KaiandDana BrookeandKairi SaneandKavita DeviandLanaandLiv MorganandMandy RoseandMickie JamesandNatalyaandPeyton RoyceandRuby RiottandSarah LoganandSasha BanksandSonya DevilleandTaynara Conti(9:51)WWE WrestleMania 34 Kickoff- Online Stream @ Mercedes-Benz Superdome in New Orleans, Louisiana, USA",
281,02.04.2018,,"Asuka&Dana BrookedefeatAlexa Bliss&Mickie James(10:35)WWE Monday Night RAW #1297- TV-Show @ Philips Arena in Atlanta, Georgia, USA",
282,24.03.2018,,"Alexa Bliss&Mickie JamesdefeatBayley&Dana BrookeWWE Live Road To WrestleMania Tour- House Show @ Kitchener Memorial Auditorium in Kitchener, Ontario, Canada",
283,28.01.2018,,"Royal Rumble:AsukadefeatsBayleyandBecky LynchandBeth PhoenixandBrie BellaandCarmellaandDana BrookeandEmber MoonandJacquelineandKairi SaneandKelly KellyandLanaandLitaandLiv MorganandMandy RoseandMichelle McCoolandMickie JamesandMolly HollyandNaomiandNatalyaandNia JaxandNikki BellaandRuby RiottandSarah LoganandSasha BanksandSonya DevilleandTaminaandTorrie WilsonandTrish StratusandVickie Guerrero(59:00)WWE Royal Rumble 2018- Premium Live Event @ Wells Fargo Center in Philadelphia, Pennsylvania, USA",
284,21.01.2018,,"Asuka&Dana BrookedefeatAbsolution(Mandy Rose&Sonya Deville)WWE Live- House Show @ Floyd L. Maines Veterans Memorial Arena in Binghamton, New York, USA",
285,20.01.2018,,"Asuka&Dana BrookedefeatAbsolution(Mandy Rose&Sonya Deville)WWE Live- House Show @ Bryce Jordan Center in State College, Pennsylvania, USA",
286,19.01.2018,,"Asuka&Dana BrookedefeatAbsolution(Mandy Rose&Sonya Deville)WWE Live- House Show @ Santander Arena in Reading, Pennsylvania, USA",
287,14.01.2018,,"AsukadefeatsDana BrookeWWE Live Holiday Tour- House Show @ Extraco Events Center in Waco, Texas, USA",
288,13.01.2018,,"AsukadefeatsDana BrookeWWE Live Holiday Tour- House Show @ Kay Yeager Coliseum in Wichita Falls, Texas, USA",
289,12.01.2018,,"AsukadefeatsDana BrookeWWE Live Holiday Tour- House Show @ Amarillo Civic Center in Amarillo, Texas, USA",
290,08.01.2018,,"Alicia FoxdefeatsDana Brooke(5:45)WWE Main Event #276- Online Stream @ FedExForum in Memphis, Tennessee, USA",
291,01.01.2018,,"Dana BrookedefeatsMickie James(4:38)WWE Main Event #275- Online Stream @ American Airlines Center in Miami, Florida, USA",
292,30.12.2017,,"(Special Referee: Mickie James):Asuka,Bayley&Sasha BanksdefeatAlexa Bliss,Dana Brooke&Nia JaxWWE Live- House Show @ Toronto, Ontario, Canada",
293,29.12.2017,,"(Special Referee: Mickie James):Asuka&Dana BrookedefeatAlexa Bliss&Nia JaxWWE Live Holiday Tour- House Show @ Times Union Center in Albany, New York, USA",
294,28.12.2017,,"(Special Referee: Mickie James):Asuka&Dana BrookedefeatAlexa Bliss&Nia JaxWWE Live Holiday Tour- House Show @ XL Center in Hartford, Connecticut, USA",
295,27.12.2017,,"Asuka&Dana BrookedefeatAlexa Bliss&Nia JaxWWE Live Holiday Tour- House Show @ Nassau Veterans Memorial Coliseum in Uniondale, New York, USA",
296,26.12.2017,,"Asuka&Dana BrookedefeatAlexa Bliss&Nia JaxWWE Live Holiday Tour- House Show @ Madison Square Garden in New York City, New York, USA",
297,17.12.2017,,"AsukadefeatsDana BrookeWWE Live- House Show @ PPL Center in Allentown, Pennsylvania, USA",
298,16.12.2017,,"AsukadefeatsDana BrookeWWE Live- House Show @ War Memorial Arena At Oncenter in Syracuse, New York, USA",
299,15.12.2017,,"AsukadefeatsDana BrookeWWE Live- House Show @ SNHU Arena in Manchester, New Hampshire, USA",
300,27.11.2017,,"AsukadefeatsDana Brooke(0:04)WWE Monday Night RAW #1279- TV-Show @ Thompson-Boling Arena At Food City Center in Knoxville, Tennessee, USA",
301,27.11.2017,,"AsukadefeatsDana BrookeWWE Live- House Show @ Propst Arena At Von Braun Center in Huntsville, Alabama, USA",
302,25.11.2017,,"AsukadefeatsDana BrookeWWE Live- House Show @ Nashville, Tennessee, USA",
303,20.11.2017,,"AsukadefeatsDana Brooke(3:00)WWE Monday Night RAW #1278- TV-Show @ Toyota Center in Houston, Texas, USA",
304,13.11.2017,,"Survivor Series Qualifying Triple Threat:BayleydefeatsDana BrookeandMickie James(7:33)WWE Monday Night RAW #1277- TV-Show @ Philips Arena in Atlanta, Georgia, USA",
305,11.11.2017,,"(Special Referee: Alicia Fox):Asuka,Bayley&Sasha BanksdefeatAlexa Bliss,Dana Brooke&Nia JaxWWE Live- House Show @ SAP Arena in Mannheim, Baden-Württemberg, Deutschland",
306,10.11.2017,,"(Special Referee: Alicia Fox):Asuka,Bayley&Sasha BanksdefeatAlexa Bliss,Dana Brooke&Nia JaxWWE Live- House Show @ Barclaycard Arena in Hamburg, Deutschland",
307,09.11.2017,,"AsukadefeatsDana BrookeWWE Live- House Show @ Arena Leipzig in Leipzig, Sachsen, Deutschland",
308,08.11.2017,,"AsukadefeatsDana BrookeWWE Live- House Show @ Westfalenhalle in Dortmund, Nordrhein-Westfalen, Deutschland",
309,07.11.2017,,"AsukadefeatsDana BrookeWWE Live- House Show @ Arena Birmingham in Birmingham, West Midlands, England, UK",
310,15.10.2017,,"(Special Referee: Emma):Dana Brooke&Sasha BanksdefeatAlexa Bliss&Alicia FoxWWE Live- House Show @ Yakima Valley Sundome in Yakima, Washington, USA",
311,14.10.2017,,"(Special Referee: Emma):Dana Brooke&Sasha BanksdefeatAlexa Bliss&Alicia FoxWWE Live- House Show @ Brandt Centre in Regina, Saskatchewan, Canada",
312,13.10.2017,,"(Special Referee: Emma):Dana Brooke&Sasha BanksdefeatAlexa Bliss&Alicia FoxWWE Live- House Show @ SaskTel Centre in Saskatoon, Saskatchewan, Canada",
313,09.10.2017,,"Five Way Elimination:EmmadefeatsAlicia FoxandBayleyandDana BrookeandSasha Banks(9:41)WWE Monday Night RAW #1272- TV-Show @ Bankers Life Fieldhouse in Indianapolis, Indiana, USA",
314,02.09.2017,,"WWE RAW Women's TitleFatal Four Way:Alexa Bliss(c) defeatsAlicia FoxandDana BrookeandNia JaxWWE Live- House Show @ Sprint Center in Kansas City, Missouri, USA",
315,01.09.2017,,"WWE RAW Women's TitleFatal Four Way:Alexa Bliss(c) defeatsAlicia FoxandDana BrookeandNia JaxWWE Live- House Show @ INTRUST Bank Arena in Wichita, Kansas, USA",
316,28.08.2017,,"Dana BrookedefeatsAlicia Fox(5:19)WWE Main Event #257- Online Stream @ FedExForum in Memphis, Tennessee, USA",
317,13.08.2017,,"Dana Brooke,Mickie James&Sasha BanksdefeatAlexa Bliss,Emma&Nia Jax(10:40)WWE Live SummerSlam Heatwave Tour- House Show @ DCU Center in Worcester, Massachusetts, USA",
318,12.08.2017,,"Dana Brooke,Mickie James&Sasha BanksdefeatAlexa Bliss,Emma&Nia JaxWWE Live SummerSlam Heatwave Tour- House Show @ Augusta Civic Center in Augusta, Maine, USA",
319,11.08.2017,,"Dana Brooke,Mickie James&Sasha BanksdefeatAlexa Bliss,Emma&Nia JaxWWE Live SummerSlam Heatwave Tour- House Show @ Cross Insurance Center in Bangor, Maine, USA",
320,07.08.2017,,"Triple Threat:Nia JaxdefeatsDana BrookeandMickie James(3:01)WWE Monday Night RAW #1263- TV-Show @ Air Canada Centre in Toronto, Ontario, Canada",
321,23.07.2017,,"(Special Referee: Mickie James):Bayley,Dana Brooke&Sasha BanksdefeatAlexa Bliss,Emma&Nia JaxWWE Live SummerSlam Heatwave Tour- House Show @ Wicomico Youth & Civic Center in Salisbury, Maryland, USA",
322,22.07.2017,,"Bayley,Dana Brooke&Sasha BanksdefeatAlexa Bliss,Emma&Nia JaxWWE Live SummerSlam Heatwave Tour- House Show @ Hampton Coliseum in Hampton, Virginia, USA",
323,21.07.2017,,"(Special Referee: Mickie James):Bayley,Dana Brooke&Sasha BanksdefeatAlexa Bliss,Emma&Nia Jax(11:43)WWE Live SummerSlam Heatwave Tour- House Show @ Crown Coliseum in Fayetteville, North Carolina, USA",
324,16.07.2017,,"Dana Brooke&Mickie JamesdefeatAlexa Bliss&Nia JaxWWE Live SummerSlam Heatwave Tour- House Show @ Rupp Arena in Lexington, Kentucky, USA",
325,15.07.2017,,"Dana Brooke&Mickie JamesdefeatAlexa Bliss&Nia JaxWWE Live SummerSlam Heatwave Tour- House Show @ Big Sandy Superstore Arena in Huntington, West Virginia, USA",
326,14.07.2017,,"Dana Brooke&Mickie JamesdefeatAlexa Bliss&Nia Jax(10:35)WWE Live SummerSlam Heatwave Tour- House Show @ Berglund Center in Roanoke, Virginia, USA",
327,26.06.2017,,"WWE RAW Women's Title#1 Contendership Gauntlet:Sasha BanksdefeatsBayleyandDana BrookeandEmmaandMickie JamesandNia Jax(30:00)WWE Monday Night RAW #1257- TV-Show @ Staples Center in Los Angeles, California, USA",
328,12.06.2017,,"Dana Brooke,Mickie James&Sasha BanksdefeatAlexa Bliss,Emma&Nia Jax(3:30)WWE Monday Night RAW #1255- TV-Show @ Lafayette Cajundome in Lafayette, Louisiana, USA",
329,11.06.2017,,"Dana Brooke,Mickie James&Sasha BanksdefeatAlexa Bliss,Emma&Nia JaxWWE Live SummerSlam Heatwave Tour- House Show @ Ford Park Arena in Beaumont, Texas, USA",
330,10.06.2017,,"Dana Brooke,Mickie James&Sasha BanksdefeatAlexa Bliss,Emma&Nia JaxWWE Live SummerSlam Heatwave Tour- House Show @ Rapides Coliseum in Alexandria, Louisiana, USA",
331,09.06.2017,,"Dana Brooke,Mickie James&Sasha BanksdefeatAlexa Bliss,Emma&Nia JaxWWE Live SummerSlam Heatwave Tour- House Show @ Mississippi Coliseum in Jackson, Mississippi, USA",
332,15.05.2017,,"Nia JaxdefeatsDana Brooke(5:05)WWE Main Event #242- Online Stream @ Prudential Center in Newark, New Jersey, USA",
333,13.05.2017,,"Dana Brooke&Sasha BanksdefeatAlicia Fox&Nia JaxWWE Live- House Show @ Rotterdam Ahoy in Rotterdam, Südholland, Niederlande",
334,12.05.2017,,"Dana Brooke&Sasha BanksdefeatAlicia Fox&Nia JaxWWE Live- House Show @ Country Hall Ethias Liege in Lüttich, Belgien",
335,11.05.2017,,"Dana Brooke&Sasha BanksdefeatAlicia Fox&Nia JaxWWE Live- House Show @ Porsche-Arena in Stuttgart, Baden-Württemberg, Deutschland",
336,10.05.2017,,"Dana Brooke&Sasha BanksdefeatAlicia Fox&Nia JaxWWE Live- House Show @ Hallenstadion in Zürich, Schweiz",
337,09.05.2017,,"Dana Brooke&Sasha BanksdefeatAlicia Fox&Nia JaxWWE Live- House Show @ Zenith Arena de Lille in Lille, Nord, Frankreich",
338,01.05.2017,,"Alexa Bliss,Alicia Fox,Emma&Nia JaxdefeatBayley,Dana Brooke,Mickie James&Sasha Banks(14:00)WWE Monday Night RAW #1249- TV-Show @ Golden 1 Center in Sacramento, California, USA",
339,24.04.2017,,"Dana BrookedefeatsAlicia Fox(1:30)WWE Monday Night RAW #1248- TV-Show @ Sprint Center in Kansas City, Missouri, USA",
340,03.04.2017,,"Bayley,Dana Brooke&Sasha BanksdefeatCharlotte Flair,Emma&Nia Jax(9:15)WWE Monday Night RAW #1245- TV-Show @ Amway Center in Orlando, Florida, USA",
341,27.03.2017,,"Dana BrookedefeatsAlicia Fox(4:09)WWE Main Event #235- Online Stream @ Wells Fargo Center in Philadelphia, Pennsylvania, USA",
342,26.03.2017,,"Dana Brooke&Sasha BanksdefeatAlicia Fox&Nia JaxWWE Live Road To WrestleMania Tour- House Show @ Westchester County Center in White Plains, New York, USA",
343,25.03.2017,,"Bayley,Dana Brooke&Sasha BanksdefeatAlicia Fox,Charlotte Flair&Nia JaxWWE Live Road To WrestleMania Tour- House Show @ Cross Insurance Arena in Portland, Maine, USA",
344,24.03.2017,,"Bayley,Dana Brooke&Sasha BanksdefeatAlicia Fox,Charlotte Flair&Nia JaxWWE Live Road To WrestleMania Tour- House Show @ Bell Centre in Montreal, Quebec, Canada",
345,20.03.2017,,"Charlotte FlairdefeatsDana Brooke(3:35)WWE Monday Night RAW #1243- TV-Show @ Barclays Center in New York City, New York, USA",
346,13.03.2017,,"Sasha BanksdefeatsDana Brooke(1:22)WWE Monday Night RAW #1242- TV-Show @ Joe Louis Arena in Detroit, Michigan, USA",
347,12.03.2017,,"Alicia Fox&Sasha BanksdefeatDana Brooke&Nia JaxWWE Live Road To WrestleMania Tour- House Show @ Budweiser Gardens in London, Ontario, Canada",
348,11.03.2017,,"Alicia Fox&Sasha BanksdefeatDana Brooke&Nia JaxWWE Live Road To WrestleMania Tour- House Show @ Ricoh Coliseum in Toronto, Ontario, Canada",
349,10.03.2017,,"Alicia Fox&Sasha BanksdefeatDana Brooke&Nia JaxWWE Live Road To WrestleMania Tour- House Show @ KeyBank Center in Buffalo, New York, USA",
350,17.02.2017,,"Bayley&Sasha BanksdefeatCharlotte Flair&Dana BrookeWWE Live Road To WrestleMania Tour- House Show @ American Airlines Center in Dallas, Texas, USA",
351,05.02.2017,,"Alicia Fox,Bayley&Sasha BanksdefeatCharlotte Flair,Dana Brooke&Nia JaxWWE Live- House Show @ Matthew Knight Arena in Eugene, Oregon, USA",
352,04.02.2017,,"Alicia Fox,Bayley&Sasha BanksdefeatCharlotte Flair,Dana Brooke&Nia JaxWWE Live- House Show @ Maverik Center in West Valley City, Utah, USA",
353,03.02.2017,,"Alicia Fox,Bayley&Sasha BanksdefeatCharlotte Flair,Dana Brooke&Nia JaxWWE Live- House Show @ 1stBank Center in Broomfield, Colorado, USA",
354,28.01.2017,,"Alicia Fox,Bayley&Sasha BanksdefeatCharlotte Flair,Dana Brooke&Nia JaxWWE Live- House Show @ Abilene, Texas, USA",
355,23.01.2017,,"Alicia FoxdefeatsDana Brooke(7:26)WWE Main Event #226- Online Stream @ Quicken Loans Arena in Cleveland, Ohio, USA",
356,22.01.2017,,"Alicia Fox,Bayley&Sasha BanksdefeatCharlotte Flair,Dana Brooke&Nia JaxWWE Live- House Show @ Canton Civic Center in Canton, Ohio, USA",
357,21.01.2017,,"Alicia Fox,Bayley&Sasha BanksdefeatCharlotte Flair,Dana Brooke&Nia JaxWWE Live- House Show @ Kovalchick Convention And Athletic Complex in Indiana, Pennsylvania, USA",
358,20.01.2017,,"Alicia Fox,Bayley&Sasha BanksdefeatCharlotte Flair,Dana Brooke&Nia JaxWWE Live- House Show @ Floyd L. Maines Veterans Memorial Arena in Binghamton, New York, USA",
359,16.01.2017,,"Alicia FoxdefeatsDana Brooke(3:42)WWE Main Event #225- Online Stream @ Verizon Arena in North Little Rock, Arkansas, USA",
360,15.01.2017,,"Alicia Fox,Bayley&Sasha BanksdefeatCharlotte Flair,Dana Brooke&Nia JaxWWE Live- House Show @ BOK Center in Tulsa, Oklahoma, USA",
361,14.01.2017,,"Alicia Fox,Bayley&Sasha BanksdefeatCharlotte Flair,Dana Brooke&Nia JaxWWE Live- House Show @ INTRUST Bank Arena in Wichita, Kansas, USA",
362,13.01.2017,,"Alicia Fox,Bayley&Sasha BanksdefeatCharlotte Flair,Dana Brooke&Nia JaxWWE Live- House Show @ Landon Arena in Topeka, Kansas, USA",
363,08.01.2017,,"Alicia Fox,Bayley&Sasha BanksdefeatCharlotte Flair,Dana Brooke&Nia JaxWWE Live- House Show @ Mobile Civic Center in Mobile, Alabama, USA",
364,07.01.2017,,"Alicia Fox,Bayley&Sasha BanksdefeatCharlotte Flair,Dana Brooke&Nia JaxWWE Live- House Show @ Montgomery, Alabama, USA",
365,06.01.2017,,"Alicia Fox,Bayley&Sasha BanksdefeatCharlotte Flair,Dana Brooke&Nia JaxWWE Live- House Show @ Columbus Civic Center in Columbus, Georgia, USA",
366,30.12.2016,,"(Special Referee: Alicia Fox):Bayley,Liv Morgan&Sasha BanksdefeatCharlotte Flair,Dana Brooke&Nia JaxWWE Live Holiday Tour- House Show @ Staples Center in Los Angeles, California, USA",
367,29.12.2016,,"Bayley,Liv Morgan&Sasha BanksdefeatCharlotte Flair,Dana Brooke&Nia JaxWWE Live Holiday Tour- House Show @ TD Garden in Boston, Massachusetts, USA",
368,28.12.2016,,"(Special Referee: Alicia Fox):Bayley,Liv Morgan&Sasha BanksdefeatCharlotte Flair,Dana Brooke&Nia JaxWWE Live Holiday Tour- House Show @ Barclays Center in New York City, New York, USA",
369,27.12.2016,,"(Special Referee: Emmalina):Bayley,Liv Morgan&Sasha BanksdefeatCharlotte Flair,Dana Brooke&Nia JaxWWE Live Holiday Tour- House Show @ Scottrade Center in St. Louis, Missouri, USA",
370,17.12.2016,,"Alicia Fox,Bayley&Sasha BanksdefeatCharlotte Flair,Dana Brooke&Nia JaxWWE Live Holiday Tour- House Show @ Covelli Centre in Youngstown, Ohio, USA",
371,13.12.2016,,"BayleydefeatsDana Brooke(2:29)WWE Tribute To The Troops 2016- TV-Show @ Verizon Center in Washington, District Of Columbia, USA",
372,11.12.2016,,"(Special Referee: Emmalina):Bayley&Sasha BanksdefeatDana Brooke&Nia JaxWWE Live- House Show @ Westchester County Center in White Plains, New York, USA",
373,10.12.2016,,"Match (Special Referee: Emmalina):Bayley&Sasha BanksdefeatDana Brooke&Nia JaxWWE Live- House Show @ Tsongas Center At UMass Lowell in Lowell, Massachusetts, USA",
374,04.12.2016,,"Alicia Fox,Bayley&Sasha BanksdefeatCharlotte Flair,Dana Brooke&EmmaWWE Live Holiday Tour- House Show @ Arena Coliseo de Monterrey in Monterrey, Nuevo Leon, Mexiko",
375,03.12.2016,,"Alicia Fox&BayleydefeatDana Brooke&EmmaWWE Live- House Show @ Arena Ciudad de Mexico in Mexico City, Distrito Federal, Mexiko",
376,02.12.2016,,"(Special Referee: Emma):Alicia Fox&BayleydefeatDana Brooke&Nia JaxWWE Live- House Show @ Tingley Coliseum in Albuquerque, New Mexico, USA",
377,27.11.2016,,"(Special Referee: Emma):Alicia Fox,Bayley&Sasha BanksdefeatCharlotte Flair,Dana Brooke&Nia JaxWWE Live Holiday Tour- House Show @ North Charleston Coliseum in North Charleston, South Carolina, USA",
378,26.11.2016,,"(Special Referee: Emma):Alicia Fox,Bayley&Sasha BanksdefeatCharlotte Flair,Dana Brooke&Nia JaxWWE Live Holiday Tour- House Show @ Dunkin' Donuts Center in Providence, Rhode Island, USA",
379,12.11.2016,,"Alicia Fox,Bayley&Sasha BanksdefeatCharlotte Flair,Dana Brooke&Nia JaxWWE Live- House Show @ Zenith De Strasbourg in Strasbourg, Frankreich",
380,11.11.2016,,"(Special Referee: Emma):Alicia Fox&BayleydefeatDana Brooke&Nia JaxWWE Live- House Show @ Halle Tony Garnier in Lyon, Frankreich",
381,10.11.2016,,"(Special Referee: Emma):Alicia Fox&BayleydefeatDana Brooke&Nia JaxWWE Live- House Show @ Wiener Stadthalle in Wien, Österreich",
382,09.11.2016,,"(Special Referee: Emma):Alicia Fox&BayleydefeatDana Brooke&Nia JaxWWE Live- House Show @ Mercedes-Benz Arena in Berlin, Deutschland",
383,08.11.2016,,"(Special Referee: Emma):Alicia Fox&BayleydefeatDana Brooke&Nia JaxWWE Live- House Show @ König-Pilsener-ARENA in Oberhausen, Nordrhein-Westfalen, Deutschland",
384,07.11.2016,,"Alicia Fox,Bayley&Sasha BanksdefeatCharlotte Flair,Dana Brooke&Nia Jax(11:00)WWE Monday Night RAW #1224- TV-Show @ The SSE Hydro in Glasgow, Scotland, UK",
385,06.11.2016,,"(Special Referee: Emma):Alicia Fox,Bayley&Sasha BanksdefeatCharlotte Flair,Dana Brooke&Nia JaxWWE Live- House Show @ First Direct Arena in Leeds, West Yorkshire, England, UK",
386,05.11.2016,,"(Special Referee: Emma):Alicia Fox,Bayley&Sasha BanksdefeatCharlotte Flair,Dana Brooke&Nia JaxWWE Live- House Show @ Butlins Arena in Minehead, Somerset, England, UK",
387,04.11.2016,,"(Special Referee: Emma):Alicia Fox&BayleydefeatDana Brooke&Nia JaxWWE Live- House Show @ The SSE Arena Wembley in Wembley, Greater London, England, UK",
388,03.11.2016,,"Alicia Fox&BayleydefeatDana Brooke&Nia JaxWWE Live- House Show @ Olympiahalle in München, Bayern, Deutschland",
389,02.11.2016,,"(Special Referee: Emma):Alicia Fox&BayleydefeatDana Brooke&Nia Jax(7:19)WWE Live- House Show @ Festhalle in Frankfurt am Main, Hessen, Deutschland",
390,31.10.2016,,"Alicia FoxdefeatsDana Brooke(5:12)WWE Superstars #395- Online Stream @ XL Center in Hartford, Connecticut, USA",
391,30.10.2016,,"BayleydefeatsDana Brooke(6:30)WWE Hell In A Cell 2016- Premium Live Event @ TD Garden in Boston, Massachusetts, USA",
392,23.10.2016,,"Alicia Fox,Bayley&Sasha BanksdefeatCharlotte,Dana Brooke&Nia JaxWWE Live- House Show @ Mayo Civic Center in Rochester, Minnesota, USA",
393,22.10.2016,,"Alicia Fox,Bayley&Sasha BanksdefeatCharlotte,Dana Brooke&Nia JaxWWE Live- House Show @ BMO Harris Bradley Center in Milwaukee, Wisconsin, USA",
394,21.10.2016,,"Alicia Fox&BayleydefeatDana Brooke&Nia JaxWWE Live- House Show @ Hammond Civic Center in Hammond, Indiana, USA",
395,17.10.2016,,"Dana BrookedefeatsBayley(4:05)WWE Monday Night RAW #1221- TV-Show @ Pepsi Center in Denver, Colorado, USA",
396,16.10.2016,,"Alicia Fox&BayleydefeatDana Brooke&Nia JaxWWE Live- House Show @ Broadmoor World Arena in Colorado Springs, Colorado, USA",
397,15.10.2016,,"Alicia Fox&BayleydefeatDana Brooke&Nia JaxWWE Live- House Show @ Stampede Corral in Calgary, Alberta, Canada",
398,14.10.2016,,"Alicia Fox&BayleydefeatDana Brooke&Nia JaxWWE Live- House Show @ Northlands Coliseum in Edmonton, Alberta, Canada",
399,08.10.2016,,"Alicia Fox&BayleydefeatDana Brooke&Nia JaxWWE Live- House Show @ Coliseo General Ruminahui in Quito, Ecuador",
400,07.10.2016,,"Alicia Fox&BayleydefeatDana Brooke&Nia JaxWWE Live- House Show @ Jockey Club Del Perú in Lima, Peru",
401,06.10.2016,,"Alicia Fox,Bayley&Sasha BanksdefeatCharlotte,Dana Brooke&Nia JaxWWE Live- House Show @ Movistar Arena in Santiago de Chile, Chile",
402,05.10.2016,,"Alicia Fox&BayleydefeatDana Brooke&Nia JaxWWE Live- House Show @ Movistar Arena in Santiago de Chile, Chile",
403,24.09.2016,,"(Special Referee: Emma):Alicia Fox,Bayley&Sasha BanksdefeatCharlotte,Dana Brooke&Nia JaxWWE Live- House Show @ Allstate Arena in Rosemont, Illinois, USA",
404,23.09.2016,,"(Special Refere: Emma):Alicia Fox,Bayley&Sasha BanksdefeatCharlotte,Dana Brooke&Nia JaxWWE Live- House Show @ iWireless Center in Moline, Illinois, USA",
405,19.09.2016,,"Charlotte&Dana BrookedefeatBayley&Sasha Banks(11:11)WWE Monday Night RAW #1217- TV-Show @ FedExForum in Memphis, Tennessee, USA",
406,18.09.2016,,"Alicia Fox,Bayley&Sasha BanksdefeatCharlotte,Dana Brooke&Nia JaxWWE Live- House Show @ Propst Arena At Von Braun Center in Huntsville, Alabama, USA",
407,17.09.2016,,"Alicia Fox,Bayley&Sasha BanksdefeatCharlotte,Dana Brooke&Nia JaxWWE Live- House Show @ Ford Center in Evansville, Indiana, USA",
408,16.09.2016,,"(Special Referee: Emma):Alicia Fox,Bayley&Sasha BanksdefeatCharlotte,Dana Brooke&Nia JaxWWE Live- House Show @ KFC Yum! Center in Louisville, Kentucky, USA",
409,12.09.2016,,"WWE RAW Women's Title#1 Contendership Triple Threat:Sasha BanksdefeatsBayleyandDana Brooke(12:22)WWE Monday Night RAW #1216- TV-Show @ Royal Farms Arena in Baltimore, Maryland, USA",
410,29.08.2016,,"Mixed:Bayley&The New Day(Big E&Kofi Kingston) defeatDana Brooke&The Club(Karl Anderson&Luke Gallows) (13:20)WWE Monday Night RAW #1214- TV-Show @ Toyota Center in Houston, Texas, USA",
411,28.08.2016,,"Alicia Fox&Becky LynchdefeatDana Brooke&NatalyaWWE Live- House Show @ Freeman Coliseum in San Antonio, Texas, USA",
412,27.08.2016,,"Alicia Fox&Becky LynchdefeatDana Brooke&NatalyaWWE Live- House Show @ Foster Communications Coliseum in San Angelo, Texas, USA",
413,26.08.2016,,"Alicia Fox&Becky LynchdefeatDana Brooke&NatalyaWWE Live- House Show @ Taylor County Coliseum in Abilene, Texas, USA",
414,22.08.2016,,"BayleydefeatsDana Brooke(4:30)WWE Monday Night RAW #1213- TV-Show @ Barclays Center in New York City, New York, USA",
415,08.08.2016,,"Sasha BanksdefeatsDana Brooke(2:43)WWE Monday Night RAW #1211- TV-Show @ Honda Center in Anaheim, California, USA",
416,31.07.2016,,"Becky Lynch&Sasha BanksdefeatDana Brooke&Summer RaeWWE Live SummerSlam Heatwave Tour- House Show @ Kimmel Arena in Asheville, North Carolina, USA",
417,30.07.2016,,"Becky Lynch&Sasha BanksdefeatDana Brooke&Summer RaeWWE Live SummerSlam Heatwave Tour- House Show @ Thompson-Boling Arena At Food City Center in Knoxville, Tennessee, USA",
418,24.07.2016,,"Bayley&Sasha BanksdefeatCharlotte&Dana Brooke(7:25)WWE Battleground 2016- Premium Live Event @ Verizon Center in Washington, District Of Columbia, USA",
419,19.07.2016,,"Two On One Handicap:Charlotte&Dana BrookedefeatSasha Banks(2:18)WWE SmackDown Live #883 - Draft 2016- TV-Show @ DCU Center in Worcester, Massachusetts, USA",
420,18.07.2016,,"Becky Lynch&Sasha BanksdefeatCharlotte&Dana Brookeby DQ (2:20)WWE Monday Night RAW #1208- TV-Show @ Dunkin' Donuts Center in Providence, Rhode Island, USA",
421,12.07.2016,,"Sasha BanksdefeatsDana Brooke(3:43)WWE Thursday Night SmackDown #882- TV-Show @ Van Andel Arena in Grand Rapids, Michigan, USA",
422,11.07.2016,,"Sasha BanksdefeatsDana Brooke(12:00)WWE Monday Night RAW #1207- TV-Show @ Joe Louis Arena in Detroit, Michigan, USA",
423,10.07.2016,,"Sasha BanksdefeatsDana BrookeWWE Live SummerSlam Heatwave Tour- House Show @ Allen County War Memorial Coliseum in Fort Wayne, Indiana, USA",
424,09.07.2016,,"Sasha BanksdefeatsDana BrookeWWE Live SummerSlam Heatwave Tour- House Show @ David S. Palmer Arena in Danville, Illinois, USA",
425,28.06.2016,,"Dana BrookedefeatsBillie Kay(2:51)WWE Thursday Night SmackDown #880- TV-Show @ AmericanAirlines Arena in Miami, Florida, USA",
426,27.06.2016,,"Paige&Sasha BanksdefeatCharlotte&Dana Brooke(8:39)WWE Monday Night RAW #1205- TV-Show @ Amalie Arena in Tampa, Florida, USA",
427,26.06.2016,,"Bayley,Sasha Banks&Summer RaedefeatDana Brooke,Eva Marie&Natalya(10:10)WWE Live- House Show @ Amway Center in Orlando, Florida, USA",
428,21.06.2016,,"Dana BrookedefeatsBecky Lynch(1:13)WWE Thursday Night SmackDown #879- TV-Show @ Tucson Convention Center in Tucson, Arizona, USA",
429,19.06.2016,,"Charlotte&Dana BrookedefeatBecky Lynch&Natalya(7:00)WWE Money In The Bank 2016- Premium Live Event @ T-Mobile Arena in Paradise, Nevada, USA",
430,18.06.2016,,"Becky Lynch,Natalya,Paige&Sasha BanksdefeatCharlotte,Dana Brooke,Eva Marie&Summer RaeWWE Live- House Show @ Staples Center in Los Angeles, California, USA",
431,17.06.2016,,"Becky Lynch,Natalya,Paige&Sasha BanksdefeatCharlotte,Dana Brooke,Eva Marie&Summer RaeWWE Live- House Show @ Maverik Center in West Valley City, Utah, USA",
432,12.06.2016,,"Becky Lynch,Sasha Banks&Summer RaedefeatDana Brooke,Eva Marie&LanaWWE Live- House Show @ Lake Charles Civic Center in Lake Charles, Louisiana, USA",
433,11.06.2016,,"Becky Lynch,Sasha Banks&Summer RaedefeatDana Brooke,Eva Marie&LanaWWE Live- House Show @ Reed Arena in College Station, Texas, USA",
434,10.06.2016,,"Becky Lynch,Sasha Banks&Summer RaedefeatDana Brooke,Eva Marie&LanaWWE Live- House Show @ Extraco Event Center in Waco, Texas, USA",
435,07.06.2016,,"Becky LynchdefeatsDana Brooke(3:03)WWE Thursday Night SmackDown #877- TV-Show @ INTRUST Bank Arena in Wichita, Kansas, USA",
436,05.06.2016,,"(Special Referee: Summer Rae):Becky Lynch&Sasha BanksdefeatDana Brooke&LanaWWE Live- House Show @ Great Plains Coliseum in Lawton, Oklahoma, USA",
437,04.06.2016,,"(Special Referee: Summer Rae):Becky Lynch&Sasha BanksdefeatDana Brooke&LanaWWE Live- House Show @ BOK Center in Tulsa, Oklahoma, USA",
438,30.05.2016,,"Dana BrookedefeatsNatalya(1:27)WWE Monday Night RAW #1201- TV-Show @ Resch Center in Green Bay, Wisconsin, USA",
439,29.05.2016,,"Becky Lynch&PaigedefeatDana Brooke&LanaWWE Live- House Show @ La Crosse Center in La Crosse, Wisconsin, USA",
440,28.05.2016,,"Becky Lynch,Paige&Sasha BanksdefeatDana Brooke,Lana&Summer RaeWWE Live- House Show @ MTS Centre in Winnepeg, Manitoba, Canada",
441,24.05.2016,,"NatalyadefeatsDana Brookeby DQ (0:44)WWE Thursday Night SmackDown #875- TV-Show @ Norfolk Scolpe Arena in Norfolk, Virginia, USA",
442,17.05.2016,,"Dana BrookedefeatsPaige(3:14)WWE Thursday Night SmackDown #874- TV-Show @ Bon Secours Wellness Arena in Greenville, South Carolina, USA",
443,16.05.2016,,"Dana BrookedefeatsBecky Lynch(3:45)WWE Monday Night RAW #1199- TV-Show @ Greensboro Coliseum in Greensboro, North Carolina, USA",
444,15.05.2016,,"Becky Lynch,Paige&Sasha BanksdefeatDana Brooke,Eva Marie&LanaWWE Live- House Show @ John Paul Jones Arena in Charlottesville, Virginia, USA",
445,14.05.2016,,"Becky Lynch,Paige&Sasha BanksdefeatDana Brooke,Eva Marie&Lana(13:36)WWE Live- House Show @ Berglund Center in Roanoke, Virginia, USA",
446,10.05.2016,,"Dana BrookedefeatsBecky Lynch(2:47)WWE Thursday Night SmackDown #873- TV-Show @ Wells Fargo Arena in Des Moines, Iowa, USA",
447,23.04.2016,,"Bayley&CarmelladefeatDana Brooke&Peyton RoyceWWE NXT Live- House Show @ Mid-Hudson Civic Center in Poughkeepsie, New York, USA",
448,22.04.2016,,"Bayley&CarmelladefeatAlexa Bliss&Dana BrookeWWE NXT Live- House Show @ Thomas M. Ryan Center in Kingston, Rhode Island, USA",
449,21.04.2016,,"Bayley&CarmelladefeatDana Brooke&Peyton RoyceWWE NXT Live- House Show @ Lowell Memorial Auditorium in Lowell, Massachusetts, USA",
450,19.02.2016,,"Dana Brooke&EmmadefeatAliyah&Sara LeeWWE NXT Live- House Show @ Martin Luther King Jr. Recreational Center in Gainesville, Florida, USA",
451,07.10.2015,,"AsukadefeatsDana Brooke(5:25)WWE NXT TakeOver: Respect- Premium Live Event @ Full Sail University in Winter Park, Florida, USA",
452,26.09.2015,,"Mixed:Bayley&Hugo KnoxdefeatDana Brooke&Tyler BreezeWWE NXT Live- House Show @ Havert L. Fenn Center in Fort Pierce, Florida, USA",
453,25.09.2015,,"Dana Brooke&EmmadefeatBillie Kay&Peyton RoyceWWE NXT Live- House Show @ Minnreg Hall in Largo, Florida, USA",
454,19.09.2015,,"WWE NXT Women's TitleTriple Threat:Bayley(c) defeatsDana BrookeandEmmaWWE NXT Live- House Show @ Aztec Theatre in San Antonio, Texas, USA",
455,18.09.2015,,"WWE NXT Women's Title:Bayley(c) defeatsDana BrookeWWE NXT Live- House Show @ Austin Music Hall in Austin, Texas, USA",
456,17.09.2015,,"Dana BrookedefeatsCarmellaWWE NXT Live- House Show @ Revention Music Center in Houston, Texas, USA",
457,12.09.2015,,"Bayley&CarmelladefeatDana Brooke&EmmaWWE NXT Live- House Show @ Martin Luther King Jr. Recreational Center in Gainesville, Florida, USA",
458,10.09.2015,,"Dana Brooke&EmmadefeatBillie Kay&Peyton Royce(6:46)WWE NXT #287- Online Stream @ Full Sail University in Winter Park, Florida, USA",
459,04.09.2015,,"Dana Brooke&EmmadefeatBillie Kay&CarmellaWWE NXT Live- House Show @ Maxwell Snyder Armory in Jacksonville, Florida, USA",
460,03.09.2015,,"Dana Brooke&Nia JaxdefeatCarmella&Peyton RoyceWWE NXT Live- House Show @ Orlando Armory in Orlando, Florida, USA",
461,29.08.2015,,"Dana Brooke&Nia JaxdefeatBillie Kay&Peyton RoyceWWE NXT Live- House Show @ Havert L. Fenn Center in Fort Pierce, Florida, USA",
462,28.08.2015,,"Dana Brooke&EmmadefeatBillie Kay&Peyton RoyceWWE NXT Live- House Show @ Cocoa Armory in Cocoa, Florida, USA",
463,27.08.2015,,"Dana Brooke&Nia JaxdefeatBillie Kay&Peyton RoyceWWE NXT Live- House Show @ University Area CDC Gymnasium in Tampa, Florida, USA",
464,22.08.2015,,"Fatal Four Way:EmmadefeatsBecky LynchandCharlotteandDana Brooke(9:29)WWE NXT #282- Online Stream @ Barclays Center in New York City, New York, USA",
465,13.08.2015,,"Dana BrookedefeatsBillie Kay(5:25)WWE NXT #284- Online Stream @ Full Sail University in Winter Park, Florida, USA",
466,08.08.2015,,"Bayley&Gionna DaddiodefeatDana Brooke&Nia JaxWWE NXT Live- House Show @ Minnreg Hall in Largo, Florida, USA",
467,07.08.2015,,"Billie Kay&Carmellavs.Dana Brooke&Eva Marie- No ContestWWE NXT Live- House Show @ Orlando Armory in Orlando, Florida, USA",
468,06.08.2015,,"Dana Brooke,Eva Marie&LinadefeatCarmella,Jasmin&Jessie McKayWWE NXT Live- House Show @ Starke Armory in Starke, Florida, USA",
469,02.08.2015,,"Cameron&NatalyadefeatDana Brooke&EmmaWWE Live SummerSlam Heatwave Tour- House Show @ Stockton Arena in Stockton, California, USA",
470,01.08.2015,,"Emma&NatalyadefeatCameron&Dana BrookeWWE Live SummerSlam Heatwave Tour- House Show @ State Farm Arena in Hidalgo, Texas, USA",
471,31.07.2015,,"Bayley&Gionna DaddiodefeatDana Brooke&EmmaWWE NXT Live- House Show @ Lakeland Armory in Lakeland, Florida, USA",
472,30.07.2015,,"Becky Lynch&CharlottedefeatDana Brooke&EmmaWWE NXT Live- House Show @ University Area CDC Gymnasium in Tampa, Florida, USA",
473,25.07.2015,,"Triple Threat:BayleydefeatsDana BrookeandEmmaWWE NXT Live- House Show @ Palm Beach County Convention Center in West Palm Beach, Florida, USA",
474,24.07.2015,,"Triple Threat:BayleydefeatsDana BrookeandEmmaWWE NXT Live- House Show @ Fieldhouse At BankUnited Center in Coral Gables, Florida, USA",
475,23.07.2015,,"Bayley&Jessie McKaydefeatDana Brooke&LinaWWE NXT Live- House Show @ Havert L. Fenn Center in Fort Pierce, Florida, USA",
476,18.07.2015,,"Carmella&LinadefeatDana Brooke&JasminWWE NXT Live- House Show @ Venice Community Center in Venice, Florida, USA",
477,17.07.2015,,"Carmella&LinadefeatCassie&Dana BrookeWWE NXT Live- House Show @ Cocoa Armory in Cocoa, Florida, USA",
478,16.07.2015,,"CharlottedefeatsDana Brooke(3:30)WWE NXT #278- Online Stream @ Full Sail University in Winter Park, Florida, USA",
479,11.07.2015,,"BayleydefeatsDana Brooke(6:34)WWE NXT Live- House Show @ Maxwell Snyder Armory in Jacksonville, Florida, USA",
480,10.07.2015,,"Dana BrookedefeatsCassieWWE NXT Live- House Show @ Orlando Armory in Orlando, Florida, USA",
481,19.06.2015,,"Dana Brooke&LinadefeatDevin Taylor&Jessie McKayWWE NXT Live- House Show @ Maxwell Snyder Armory in Jacksonville, Florida, USA",
482,18.06.2015,,"Dana BrookedefeatsCassie(3:40)WWE NXT #273- Online Stream @ Full Sail University in Winter Park, Florida, USA",
483,18.06.2015,,"Charlotte&Sasha BanksdefeatDana Brooke&Emma(4:50)WWE NXT #275- Online Stream @ Full Sail University in Winter Park, Florida, USA",
484,13.06.2015,,"Bayley&CarmelladefeatDana Brooke&EmmaWWE NXT Live- House Show @ Lifestyle Communities Pavilion in Columbus, Ohio, USA",
485,12.06.2015,,"Bayley&CarmelladefeatDana Brooke&EmmaWWE NXT Live- House Show @ Agora Theatre & Ballroom in Cleveland, Ohio, USA",
486,11.06.2015,,"Bayley&CharlottedefeatDana Brooke&EmmaWWE NXT Live- House Show @ Stage AE in Pittsburgh, Pennsylvania, USA",
487,20.05.2015,,"Bayley&CharlottedefeatDana Brooke&Emma(6:51)WWE NXT TakeOver: Unstoppable- Premium Live Event @ Full Sail University in Winter Park, Florida, USA",
488,16.05.2015,,"Alexa Bliss&BayleydefeatBecky Lynch&Dana BrookeWWE NXT Live- House Show @ Washington Avenue Armory in Albany, New York, USA",
489,15.05.2015,,"Dana BrookedefeatsAlexa BlissWWE NXT Live- House Show @ Tower Theater in Philadelphia, Pennsylvania, USA",
490,14.05.2015,,"Alexa Bliss&BayleydefeatBecky Lynch&Dana BrookeWWE NXT Live- House Show @ Tower Theater in Philadelphia, Pennsylvania, USA",
491,09.05.2015,,"Alexa Bliss,Bayley&CarmelladefeatDana Brooke,Devin Taylor&LinaWWE NXT Live- House Show @ Orlando Armory in Orlando, Florida, USA",
492,01.05.2015,,"Bayley&CarmelladefeatAlexa Bliss&Dana BrookeWWE NXT Live- House Show @ University Area CDC Gymnasium in Tampa, Florida, USA",
493,23.04.2015,,"Dana BrookedefeatsBayley(4:14)WWE NXT #266- Online Stream @ Full Sail University in Winter Park, Florida, USA",
494,18.04.2015,,"Bayley&CarmelladefeatBecky Lynch&Dana BrookeWWE NXT Live- House Show @ Maxwell Snyder Armory in Jacksonville, Florida, USA",
495,16.04.2015,,"Alexa Bliss&BayleydefeatBecky Lynch&Dana BrookeWWE NXT Live- House Show @ Martin Luther King Jr. Recreational Center in Gainesville, Florida, USA",
496,11.04.2015,,"Triple Threat:CharlottedefeatsAlexa BlissandDana BrookeWWE NXT Live- House Show @ Havert L. Fenn Center in Fort Pierce, Florida, USA",
497,10.04.2015,,"Alexa Bliss,Carmella&Devin TaylordefeatBecky Lynch,Dana Brooke&DashaWWE NXT Live- House Show @ Minnreg Hall in Largo, Florida, USA",
498,09.04.2015,,"Bayley&CarmelladefeatBecky Lynch&Dana BrookeWWE NXT Live- House Show @ Highlands Today Center in Sebring, Florida, USA",
499,04.04.2015,,"Alexa Bliss&BayleydefeatCarmella&Dana BrookeWWE NXT Live- House Show @ Orlando Armory in Orlando, Florida, USA",
500,02.04.2015,,"Bayley&CarmelladefeatBecky Lynch&Dana BrookeWWE NXT Live- House Show @ University Area CDC Gymnasium in Tampa, Florida, USA",
501,28.03.2015,,"CharlottedefeatsDana BrookeWWE WrestleMania Axxess 2015 - Tag 2- Event @ McEnery Convention Center in San Jose, California, USA",
502,27.03.2015,,"Alexa Bliss&BayleydefeatBecky Lynch&Dana Brooke(8:10)WWE NXT Live- House Show @ San Jose University Event Center in San Jose, California, USA",
503,14.03.2015,,"Alexa Bliss&Devin TaylordefeatBecky Lynch&Dana BrookeWWE NXT Live- House Show @ Citrus Springs Community Center in Citrus Springs, Florida, USA",
504,13.03.2015,,"BayleydefeatsDana BrookeWWE NXT Live- House Show @ Bartow Armory in Bartow, Florida, USA",
505,12.03.2015,,"Becky Lynch&Dana BrookedefeatAlexa Bliss&Devin TaylorWWE NXT Live- House Show @ Minnreg Hall in Largo, Florida, USA",
506,08.03.2015,,"Dana BrookedefeatsCarmellaWWE Experience - Tag 2- House Show @ Greater Columbus Convention Center in Columbus, Ohio, USA",
507,07.03.2015,,"BayleydefeatsDana BrookeWWE Experience - Tag 1- House Show @ Greater Columbus Convention Center in Columbus, Ohio, USA",
508,18.02.2015,,"Dana BrookedefeatsBlue Pants(2:10)WWE NXT #264- Online Stream @ Full Sail University in Winter Park, Florida, USA",
509,20.12.2014,,"Triple Threat:Alexa BlissdefeatsCarmellaandDana BrookeWWE NXT Live- House Show @ Lakeland Armory in Lakeland, Florida, USA",
510,19.12.2014,,"Triple Threat:Alexa BlissdefeatsCarmellaandDana BrookeWWE NXT Live- House Show @ Maxwell Snyder Armory in Jacksonville, Florida, USA",
511,18.12.2014,,"Triple Threat:Alexa BlissdefeatsCarmellaandDana BrookeWWE NXT Live- House Show @ University Area CDC Gymnasium in Tampa, Florida, USA",
512,24.10.2014,,"Bayley,Charlotte&Devin TaylordefeatBecky Lynch,Dana Brooke&Sasha BanksWWE NXT Live- House Show @ Maxwell Snyder Armory in Jacksonville, Florida, USA",
513,23.10.2014,,"Dark:Dana BrookedefeatsDevin TaylorWWE NXT #244- Dark Match @ Full Sail University in Winter Park, Florida, USA",
514,11.10.2014,,"Becky Lynch,Carmella&Dana BrookedefeatAlexa Bliss,Bayley&CharlotteWWE NXT Live- House Show @ Lakeland Armory in Lakeland, Florida, USA",
515,10.10.2014,,"Becky Lynch,Carmella&Dana BrookedefeatAlexa Bliss,Bayley&CharlotteWWE NXT Live- House Show @ Citrus Springs Community Center in Citrus Springs, Florida, USA",
516,09.10.2014,,"Alexa Bliss,Bayley&CharlottedefeatBecky Lynch,Carmella&Dana BrookeWWE NXT Live- House Show @ Orlando Armory in Orlando, Florida, USA",
517,04.10.2014,,"Alexa Bliss&BayleydefeatCarmella&Dana BrookeWWE NXT Live- House Show @ Havert L. Fenn Center in Fort Pierce, Florida, USA",
518,03.10.2014,,"Alexa Bliss&BayleydefeatCarmella&Dana BrookeWWE NXT Live- House Show @ Cocoa Armory in Cocoa, Florida, USA",
519,02.10.2014,,"Alexa Bliss&BayleydefeatCarmella&Dana BrookeWWE NXT Live- House Show @ Maxwell Snyder Armory in Jacksonville, Florida, USA",
520,20.09.2014,,"Alexa Bliss&BayleydefeatDana Brooke&Sasha BanksWWE NXT Live- House Show @ Midtown Cultural & Educational Center in Daytona Beach, Florida, USA",
521,19.09.2014,,"Alexa Bliss&BayleydefeatDana Brooke&Sasha BanksWWE NXT Live- House Show @ Orlando Armory in Orlando, Florida, USA",
522,18.09.2014,,"Dana Brooke&Sasha BanksdefeatAlexa Bliss&BayleyWWE NXT Live- House Show @ Hardee County Civic Center in Wauchula, Florida, USA",
